Id,A,D,H
3419,0.2469076308143614,0.2906127001795143,0.4624796690061243
3420,0.43622471248044836,0.2924835002594224,0.27129178726012926
3421,0.17490561064298238,0.26491572670968755,0.5601786626473302
3422,0.23370372070816747,0.2790802087446604,0.4872160705471722
3423,0.17802025794606538,0.2453950149802871,0.5765847270736476
3424,0.37613341465762845,0.3055292411463742,0.31833734419599746
3425,0.20224354247811108,0.2996840070050043,0.4980724505168847
3426,0.3581427651943219,0.3074436629314994,0.3344135718741787
3427,0.1899343549384847,0.2694734575210452,0.5405921875404701
3428,0.38600546559517396,0.3209310481182725,0.2930634862865536
3429,0.4209008544321366,0.29303012932922873,0.2860690162386346
3430,0.20989820656320557,0.2989704470049164,0.4911313464318781
3431,0.12009574082633548,0.23218112564356624,0.6477231335300982
3432,0.2977463539067145,0.3191988478789056,0.38305479821437977
3433,0.20481930834400938,0.2644989087386326,0.530681782917358
3434,0.23744410996222942,0.2739614698284983,0.4885944202092724
3435,0.43366947772163067,0.28133392265610035,0.2849965996222691
3436,0.2172618059403868,0.27659951209787986,0.5061386819617333
3437,0.19030576118013032,0.281287661797898,0.5284065770219717
3438,0.16033947661795417,0.25040109941942507,0.5892594239626208
3439,0.21905796705068015,0.26867022774546,0.5122718052038598
3440,0.4401513632047147,0.284378231944898,0.27547040485038726
3441,0.2778288234532862,0.293321331825519,0.42884984472119486
3442,0.25343559936493215,0.29612660657988965,0.4504377940551782
3443,0.24548138140236841,0.2980943869186237,0.45642423167900786
3444,0.10698087914917553,0.19306542378624333,0.6999536970645811
3445,0.21385768871782376,0.2793748510428841,0.5067674602392921
3446,0.2748569445284682,0.3346188614255905,0.39052419404594135
3447,0.2614048631709331,0.28434646486084253,0.4542486719682244
3448,0.26875897915224445,0.2928146522772477,0.43842636857050793
3449,0.22939362748395684,0.2903796081011547,0.4802267644148885
3450,0.3290537835230761,0.307965724721696,0.36298049175522784
3451,0.5004524537846698,0.2669912207457594,0.23255632546957078
3452,0.255933030488219,0.31027231404792044,0.4337946554638605
3453,0.23403642963041404,0.2974815345201925,0.46848203584939346
3454,0.17276011184561238,0.2752116742363563,0.5520282139180314
3455,0.3086840091447567,0.29877216921855043,0.39254382163669294
3456,0.11727915808568802,0.22522888452895873,0.6574919573853533
3457,0.2275552717186786,0.2832717647489597,0.4891729635323618
3458,0.1310749700519907,0.22145893426681582,0.6474660956811935
3459,0.26632660645280576,0.3009858892817585,0.43268750426543573
3460,0.13965919549531278,0.2190362584488187,0.6413045460558686
3461,0.2155932922240251,0.27204149413228984,0.512365213643685
3462,0.19273919760187153,0.26547528642062057,0.5417855159775079
3463,0.26233317862846983,0.3006093388860075,0.4370574824855227
3464,0.17203878135626655,0.27217183046351867,0.5557893881802148
3465,0.36655121609683344,0.30893796059190237,0.32451082331126424
3466,0.39510358002402224,0.32601433207373687,0.2788820879022408
3467,0.29341468178873176,0.306207731054919,0.40037758715634925
3468,0.35348191887519964,0.2834928880261746,0.3630251930986258
3469,0.3993401615256867,0.29852277891588097,0.30213705955843223
3470,0.2427752676892381,0.28132791585937184,0.47589681645139004
3471,0.13037567614439827,0.21578219365734763,0.6538421301982541
3472,0.2626381690122556,0.30444034810170134,0.4329214828860431
3473,0.2120257921331809,0.28001922036811117,0.5079549874987079
3474,0.13857740602737162,0.25734424585588356,0.6040783481167449
3475,0.2679227498775976,0.29466935391401283,0.43740789620838955
3476,0.24390012975234956,0.3113444081289624,0.4447554621186881
3477,0.2677324558486533,0.2984121924392974,0.4338553517120492
3478,0.3610070493282132,0.2933394487522208,0.345653501919566
3479,0.28552797469843927,0.3006882521524805,0.4137837731490803
3480,0.13175743308425825,0.2172525208429292,0.6509900460728126
3481,0.1954747515212093,0.2736228973851511,0.5309023510936396
3482,0.4584958283378842,0.3114422644218283,0.23006190724028758
3483,0.24061013090740482,0.28349597360928597,0.4758938954833092
3484,0.35855824100282996,0.324785168906006,0.31665659009116404
3485,0.25643234334068454,0.3048161330560425,0.4387515236032729
3486,0.31795031043592714,0.3062377204258672,0.37581196913820564
3487,0.16871067734530612,0.25820387417657936,0.5730854484781146
3488,0.38297788983096076,0.2936940165083514,0.32332809366068777
3489,0.17227796847461463,0.26670044074668725,0.5610215907786981
3490,0.23160668913203641,0.3074138783845702,0.4609794324833934
3491,0.25627860692413856,0.2914878702735059,0.45223352280235546
3492,0.3340671009130842,0.2967076370235689,0.369225262063347
3493,0.18639160363654053,0.2812657183372273,0.5323426780262321
3494,0.28236549183183085,0.3161549697924687,0.4014795383757005
3495,0.35487088375321213,0.29538581657736035,0.3497432996694276
3496,0.08763594061581415,0.17871058065693327,0.7336534787272526
3497,0.17620001825085,0.26594813110459337,0.5578518506445567
3498,0.29598376177544183,0.31107861833902445,0.39293761988553383
3499,0.19121720420731336,0.28853472935003166,0.520248066442655
3500,0.266311144450973,0.2920937269610021,0.4415951285880248
3501,0.41471455047772793,0.3032583442511802,0.28202710527109187
3502,0.22275762060580975,0.2865167062048524,0.4907256731893378
3503,0.3660678211260738,0.3160262574235234,0.31790592145040275
3504,0.386315732111532,0.32145784265529137,0.29222642523317666
3505,0.1351823297982193,0.225104452371402,0.6397132178303787
3506,0.2642718487957441,0.27859792456734883,0.4571302266369071
3507,0.290596160550261,0.29810244999099883,0.41130138945874023
3508,0.2248928706349165,0.2742455005488598,0.5008616288162236
3509,0.4064741539449297,0.32242598681768014,0.2710998592373901
3510,0.25127983695073525,0.30261279438420857,0.4461073686650563
3511,0.3236811884773934,0.32370288694653354,0.35261592457607305
3512,0.21134506456955543,0.2771869261112385,0.5114680093192061
3513,0.3795052894149685,0.2877490459200512,0.3327456646649804
3514,0.39085960755633453,0.28745095527994535,0.3216894371637201
3515,0.285183060882883,0.2981654572599694,0.4166514818571477
3516,0.13870904803636377,0.22356036152172132,0.6377305904419149
3517,0.34730877178728947,0.3025808274423097,0.3501104007704008
3518,0.24251640938294955,0.2863568538481028,0.4711267367689476
3519,0.1462724106297465,0.26499889768289514,0.5887286916873584
3520,0.16823405689160895,0.236953377620717,0.594812565487674
3521,0.3844763374295255,0.3153602427231886,0.30016341984728584
3522,0.21103312890629988,0.2779251231006199,0.5110417479930802
3523,0.29250885824577727,0.29221160271495655,0.41527953903926623
3524,0.31252989752351157,0.3020816252800954,0.38538847719639296
3525,0.17382174992201704,0.26711038635987666,0.5590678637181064
3526,0.41167850742625406,0.29595641654105104,0.29236507603269485
3527,0.2963471973889032,0.3019506016896907,0.4017022009214061
3528,0.20898966882345432,0.2768613829755008,0.5141489482010448
3529,0.38462359866297824,0.3189516215638666,0.29642477977315523
3530,0.21111050961619732,0.2674078138879579,0.5214816764958448
3531,0.37615054802261977,0.29565644333519836,0.328193008642182
3532,0.14127846139174607,0.24511385345706166,0.6136076851511922
3533,0.3799567239517972,0.300327062806838,0.3197162132413649
3534,0.2931865607009795,0.3062974652243616,0.40051597407465894
3535,0.30411112924465095,0.3078744717562013,0.38801439899914775
3536,0.4278464646556956,0.29228744196579903,0.2798660933785055
3537,0.1301113017111092,0.227455966203392,0.6424327320854989
3538,0.28642205407551036,0.31170913844435144,0.40186880748013826
3539,0.33398678823339417,0.32457519046215627,0.3414380213044495
3540,0.2965299355536211,0.2924504320740888,0.41101963237229006
3541,0.2503621596335044,0.2659376756973292,0.4837001646691665
3542,0.14880034745152676,0.24430663005553613,0.6068930224929371
3543,0.2812330141884963,0.29524164744902354,0.4235253383624802
3544,0.2257547723707916,0.29752513643834305,0.4767200911908653
3545,0.2835820934231149,0.3040839282678078,0.4123339783090773
3546,0.14458326843241145,0.23510976816100596,0.6203069634065825
3547,0.1682768581661653,0.2552472908244632,0.5764758510093715
3548,0.3232684384016835,0.2989821648661846,0.3777493967321319
3549,0.15332382219991328,0.24543435583317683,0.6012418219669099
3550,0.30002701963931794,0.296991895291252,0.4029810850694301
3551,0.21119494292451646,0.28423492349086427,0.5045701335846193
3552,0.1678462289869731,0.2516261425267547,0.5805276284862723
3553,0.12836997182088816,0.21582689839149607,0.6558031297876158
3554,0.5072598734442432,0.28289863740572824,0.20984148915002868
3555,0.3461069177036617,0.29785574167970463,0.3560373406166337
3556,0.2265151706385008,0.29184572971212175,0.48163909964937757
3557,0.23118925838318768,0.2973896722228373,0.47142106939397505
3558,0.135834513784859,0.24889893155648507,0.615266554658656
3559,0.3055344594773518,0.3102206049470525,0.38424493557559564
3560,0.5099024467412655,0.28668252758496626,0.20341502567376832
3561,0.32524878540316704,0.31310402534263976,0.3616471892541932
3562,0.3388785353616179,0.2903495242179967,0.37077194042038547
3563,0.1520476986208245,0.24096605063689147,0.6069862507422841
3564,0.23895245902936071,0.31051962803990885,0.45052791293073047
3565,0.3580766177326191,0.31080182136376866,0.3311215609036123
3566,0.23092007428092978,0.28336779688603325,0.48571212883303694
3567,0.2623278682980317,0.3015775620778968,0.4360945696240714
3568,0.20178709287934493,0.2581583228643709,0.5400545842562842
3569,0.15586093466215484,0.24134773173554536,0.6027913336022999
3570,0.23576809739729027,0.2936729419851828,0.470558960617527
3571,0.3437349411523344,0.2935500929644588,0.3627149658832069
3572,0.217820653767287,0.2988618296136154,0.48331751661909755
3573,0.32026954847962774,0.304512890089549,0.37521756143082324
3574,0.19935665097609298,0.25403074955748156,0.5466125994664255
3575,0.45298312399041374,0.2933160990405942,0.253700776968992
3576,0.21212229178360487,0.27356311890318813,0.514314589313207
3577,0.2865956327781262,0.3104330400477306,0.4029713271741432
3578,0.1556016222520995,0.2569445880343804,0.58745378971352
3579,0.2927885456305992,0.30307142970656653,0.4041400246628342
3580,0.38385751995574224,0.3010848678289878,0.3150576122152699
3581,0.13775508951423765,0.22443798601356607,0.6378069244721963
3582,0.3098859897551438,0.317060930595285,0.3730530796495712
3583,0.2984981031817686,0.3119902134098179,0.3895116834084135
3584,0.24202794689451668,0.28982685828187404,0.4681451948236094
3585,0.2613279988064579,0.2993068509615189,0.4393651502320233
3586,0.45926060045315475,0.2753561014182759,0.2653832981285695
3587,0.3624295492040694,0.3052476672988951,0.33232278349703553
3588,0.11150114427482506,0.22535659415440557,0.6631422615707694
3589,0.15333004901645642,0.2515885643995607,0.595081386583983
3590,0.1985639078872641,0.26807187540551797,0.5333642167072179
3591,0.3676817211112121,0.2953797540400981,0.3369385248486898
3592,0.19220630157848692,0.2658225220424213,0.5419711763790919
3593,0.1184359355391978,0.22379311972529503,0.6577709447355072
3594,0.23910853323152134,0.29169278055542625,0.4691986862130524
3595,0.16552392873473284,0.2572116560413753,0.5772644152238918
3596,0.20086009821346557,0.25945879903842406,0.5396811027481103
3597,0.45947503519285865,0.2931538643656831,0.24737110044145832
3598,0.44700042282806995,0.29581776289751854,0.2571818142744115
3599,0.14328078409869807,0.23355158510498408,0.6231676307963179
3600,0.35892373205513595,0.2936873409954305,0.3473889269494337
3601,0.49688418107392335,0.2811450031831051,0.2219708157429715
3602,0.29410677259583884,0.29395106828619993,0.4119421591179613
3603,0.3937188836765293,0.3241495958567234,0.28213152046674733
3604,0.2154831708286355,0.2748717027489717,0.5096451264223928
3605,0.2628821752946651,0.30430271695953187,0.4328151077458031
3606,0.18555067753164556,0.2603602907213077,0.5540890317470468
3607,0.3190999993199021,0.3019977565122911,0.37890224416780693
3608,0.23698752368842232,0.3008458968225384,0.4621665794890393
3609,0.39123783004192747,0.30428875261436406,0.3044734173437085
3610,0.24852336430571423,0.2839942624218292,0.46748237327245656
3611,0.1696593304780863,0.25421589079767354,0.5761247787242402
3612,0.12398482101242439,0.21499097703087142,0.6610242019567042
3613,0.2960697262808609,0.3016162786269693,0.4023139950921697
3614,0.29642146613015485,0.287584623553153,0.41599391031669214
3615,0.18880118440940277,0.2689210454821812,0.542277770108416
3616,0.275741335516055,0.31876652925617643,0.40549213522776867
3617,0.15111374544669356,0.2534636177995517,0.5954226367537548
3618,0.29262598714825283,0.2917214497029649,0.41565256314878224
3619,0.31116088574272793,0.3027728838419536,0.38606623041531846
3620,0.33525435115423097,0.3257575492144597,0.33898809963130927
3621,0.44141115160519295,0.29576358783906487,0.2628252605557421
3622,0.43944171216954303,0.30419446891537993,0.25636381891507715
3623,0.3394000484338712,0.2923146753479787,0.36828527621815005
3624,0.15034818468988134,0.25456885497619625,0.5950829603339224
3625,0.10529617787841827,0.19727397386807363,0.6974298482535082
3626,0.3702577155267227,0.3083630553177921,0.32137922915548517
3627,0.17430441292210372,0.24555622966099758,0.5801393574168987
3628,0.3219698696078141,0.2956285276667545,0.38240160272543133
3629,0.19761922180161934,0.26329448859608506,0.5390862896022957
3630,0.3267576884416125,0.3099862790367509,0.36325603252163663
3631,0.2300913353609528,0.31744682424489545,0.4524618403941517
3632,0.23954153222405872,0.28592736521748935,0.47453110255845193
3633,0.428491819556392,0.2820605927566204,0.28944758768698775
3634,0.23809228400417415,0.2992304007085038,0.46267731528732203
3635,0.16126574935540347,0.24574199069913805,0.5929922599454585
3636,0.27742716828111513,0.29411628507508286,0.428456546643802
3637,0.3133209267746959,0.3029484135257129,0.38373065969959114
3638,0.23909826210826998,0.2893122213451781,0.471589516546552
3639,0.11705725693349915,0.20064725447442272,0.6822954885920781
3640,0.16394821507648794,0.2435629210813016,0.5924888638422104
3641,0.3469676148234728,0.32144600254092526,0.3315863826356019
3642,0.27263565604614015,0.27979363813561414,0.4475707058182458
3643,0.21295689696522271,0.2800120930748937,0.5070310099598836
3644,0.2483057349494069,0.31111857223395606,0.44057569281663705
3645,0.23335373784372904,0.2877389327003812,0.4789073294558898
3646,0.33178200756517384,0.3153028422876416,0.3529151501471846
3647,0.2956933736438032,0.2974160360998298,0.40689059025636704
3648,0.43527267926966434,0.30140484386530875,0.26332247686502697
3649,0.19618828234945493,0.2758784176907302,0.5279332999598149
3650,0.24200185233267962,0.28259816347711236,0.475399984190208
3651,0.3626408320190902,0.3010009593856218,0.3363582085952879
3652,0.25822492000458885,0.29867431420078283,0.44310076579462826
3653,0.3795765900914618,0.29488442107889645,0.32553898882964183
3654,0.20279135424613504,0.2819772932552447,0.5152313524986204
3655,0.4984568260897789,0.2712303483274171,0.23031282558280394
3656,0.3463729362394717,0.3145539248517533,0.33907313890877505
3657,0.11158585906878,0.22616806118265306,0.6622460797485669
3658,0.25229478452174187,0.2942051909708313,0.45350002450742677
3659,0.2566604489391797,0.3132895604665363,0.43004999059428406
3660,0.29387329100937015,0.2976861887327498,0.40844052025788
3661,0.4258837394770623,0.2867412015458918,0.28737505897704596
3662,0.20762451950542346,0.2726758067069686,0.519699673787608
3663,0.13267219883029188,0.2275980857752163,0.6397297153944919
3664,0.27090823327963703,0.31183968118394756,0.4172520855364154
3665,0.21721734128953504,0.2749572097195846,0.5078254489908804
3666,0.45802699088481486,0.2845263777015652,0.25744663141361995
3667,0.38295438745106847,0.3199981413303248,0.29704747121860675
3668,0.1705025314267596,0.2479662767854527,0.5815311917877877
3669,0.21502462146687465,0.25487086687744115,0.5301045116556843
3670,0.270339384912157,0.30132484329571585,0.4283357717921272
3671,0.11294187651404226,0.23178285019549208,0.6552752732904658
3672,0.21384424772144697,0.28039258631957753,0.5057631659589755
3673,0.0814710588868085,0.18631664486600658,0.732212296247185
3674,0.36478940711904423,0.3002682664836988,0.3349423263972569
3675,0.2940600604732894,0.2960595271377562,0.40988041238895445
3676,0.24585224392091765,0.28965949090058185,0.46448826517850056
3677,0.27153950536294635,0.3035403128135021,0.42492018182355157
3678,0.4772498393636069,0.2769520207410488,0.24579813989534438
3679,0.4871626427448003,0.27816809727806335,0.2346692599771364
3680,0.2313725420296688,0.28300853290608863,0.48561892506424265
3681,0.2031960562389443,0.2649216786947869,0.5318822650662689
3682,0.311890313215242,0.3115202977200604,0.37658938906469763
3683,0.18631414373126265,0.25822105495166775,0.5554648013170697
3684,0.32241593203720764,0.31662076673022066,0.3609633012325717
3685,0.37677440147422275,0.32452718676128633,0.29869841176449097
3686,0.14419450255451965,0.22899346640653792,0.6268120310389425
3687,0.1549323096747443,0.25839079684644134,0.5866768934788144
3688,0.45461421360396365,0.29624961630167507,0.24913617009436134
3689,0.1237871132009374,0.2249726508226477,0.6512402359764149
3690,0.2522610788355121,0.2849559779798844,0.4627829431846035
3691,0.14388108319221019,0.24478594128139017,0.6113329755263996
3692,0.29855777946151957,0.30341913562028816,0.3980230849181922
3693,0.12430200731860555,0.23085494924130534,0.6448430434400891
3694,0.4348308650309919,0.29177287511941813,0.27339625984959
3695,0.324184916755345,0.31873816301182795,0.35707692023282717
3696,0.3250957619602538,0.2848164798809089,0.3900877581588373
3697,0.26059593274711107,0.2787405056994968,0.4606635615533921
3698,0.2089408758164375,0.2690637036274061,0.5219954205561564
3699,0.24948877837648728,0.27646185827263875,0.474049363350874
3700,0.2700742523309553,0.30488497542906795,0.4250407722399769
3701,0.17241524318228849,0.25689927641240873,0.5706854804053028
3702,0.13423309900035063,0.24144231363564178,0.6243245873640075
3703,0.2732661380240215,0.30322066480225174,0.4235131971737268
3704,0.21749503204064985,0.2621790332827003,0.5203259346766498
3705,0.28971340520231464,0.3001528222214139,0.4101337725762715
3706,0.14178571253221423,0.2624548836459786,0.5957594038218073
3707,0.4747899532561643,0.28054617363837764,0.24466387310545806
3708,0.47629392273963655,0.3108311623164792,0.2128749149438843
3709,0.43100468717860685,0.29527057763515946,0.2737247351862338
3710,0.17400949376478916,0.27070580245640596,0.5552847037788049
3711,0.23200706834680682,0.2855438409968172,0.4824490906563759
3712,0.22683711942182258,0.2878730526582854,0.485289827919892
3713,0.2276647548790002,0.28174824186545466,0.49058700325554516
3714,0.338631474708256,0.28585034538355225,0.37551817990819186
3715,0.09312227016086042,0.18391111244985006,0.7229666173892896
3716,0.3265925310912578,0.30967483590032147,0.36373263300842074
3717,0.3418601560386831,0.30320700419201296,0.354932839769304
3718,0.49313676178254595,0.2905257930049223,0.21633744521253162
3719,0.205082828007963,0.2867604657375182,0.5081567062545188
3720,0.1310836464750551,0.22419009485823785,0.6447262586667071
3721,0.13944127258833305,0.23737841222624925,0.6231803151854177
3722,0.1758393301079737,0.2550853731499684,0.5690752967420579
3723,0.1528103624818554,0.23597494787548268,0.611214689642662
3724,0.3743162224622781,0.29634614519889446,0.32933763233882746
3725,0.201603489906167,0.27636714809260987,0.5220293620012232
3726,0.5419874070115089,0.27014214382139395,0.18787044916709722
3727,0.14863506327296666,0.2507055001418141,0.6006594365852194
3728,0.2637323685784826,0.30579166970000576,0.4304759617215117
3729,0.24772982185474224,0.27033622059214407,0.48193395755311375
3730,0.1896395227564353,0.2924509820720134,0.5179094951715513
3731,0.17521388281468592,0.24617107250899536,0.5786150446763187
3732,0.3967120533986436,0.29743733393411365,0.3058506126672426
3733,0.34604399223111537,0.32066231576716375,0.3332936920017208
3734,0.17115656662434897,0.25252831076086096,0.57631512261479
3735,0.4472629926161174,0.2935886522793778,0.25914835510450485
3736,0.26050272789599194,0.28725824100304864,0.4522390311009595
3737,0.1404617614572117,0.23622964597209925,0.6233085925706892
3738,0.2726277659374925,0.28713043813624795,0.4402417959262596
3739,0.4253823770455534,0.2932121244194856,0.28140549853496105
3740,0.2871749251066095,0.30087817431953895,0.41194690057385147
3741,0.05689789219705386,0.14501702486167162,0.7980850829412746
3742,0.2008280528214188,0.2640236319610609,0.5351483152175204
3743,0.5054371967088899,0.29844608316160925,0.19611672012950077
3744,0.31393869457633516,0.31284495526170175,0.3732163501619631
3745,0.4331773032648499,0.29193286654225575,0.2748898301928944
3746,0.27707687098877765,0.3041181310279246,0.4188049979832978
3747,0.33857514157791724,0.2988344387838586,0.36259041963822414
3748,0.42114584242779485,0.2924217826623702,0.2864323749098349
3749,0.16489786033109277,0.236533997763766,0.5985681419051412
3750,0.33924092861774763,0.29817474532795313,0.3625843260542992
3751,0.23333370950943463,0.2952600191689096,0.47140627132165575
3752,0.2901913841541522,0.2974745994474144,0.4123340163984335
3753,0.14076053704562386,0.24020605866596617,0.61903340428841
3754,0.18152747152180815,0.2612876875305641,0.5571848409476279
3755,0.1508011635804502,0.24350653694871763,0.6056922994708323
3756,0.09965115241702226,0.19871157779624987,0.7016372697867279
3757,0.19465169886746783,0.283304453495417,0.5220438476371152
3758,0.3694337114024532,0.3053864629735119,0.32517982562403497
3759,0.3615823151894127,0.30366300981566,0.3347546749949272
3760,0.19375924447538498,0.28175983967023494,0.5244809158543801
3761,0.27567217420648527,0.28590147201065197,0.43842635378286277
3762,0.3814739391673441,0.3064228104545143,0.3121032503781417
3763,0.19523602272283258,0.2636141378836306,0.5411498393935368
3764,0.34015998305918155,0.30353779013437493,0.3563022268064435
3765,0.4568020895535909,0.2925229186419298,0.25067499180447933
3766,0.3303182021346357,0.32323075930422457,0.34645103856113973
3767,0.20295563411820322,0.27251210964227934,0.5245322562395175
3768,0.13088175749237327,0.228524576878543,0.6405936656290837
3769,0.2897774767308994,0.29778369640316027,0.4124388268659404
3770,0.11431463110364481,0.2079449165850608,0.6777404523112944
3771,0.24918008131399763,0.2876940685269583,0.46312585015904406
3772,0.19159469959595885,0.26830600044082914,0.540099299963212
3773,0.1700614853789935,0.2638457174215449,0.5660927971994617
3774,0.1521503665406715,0.24888243942125865,0.5989671940380699
3775,0.4557841865693887,0.280592457762983,0.2636233556676284
3776,0.1934484948190662,0.26786930240853735,0.5386822027723965
3777,0.5410169572974071,0.27977920546151835,0.17920383724107458
3778,0.16223419906277936,0.2321591473951741,0.6056066535420466
3779,0.2878168437254399,0.2987972302094072,0.41338592606515284
3780,0.3557704934558639,0.3126138777709092,0.331615628773227
3781,0.36758733501807545,0.30562977892371024,0.3267828860582144
3782,0.1550514366001473,0.23760681348628962,0.607341749913563
3783,0.29023169293091045,0.2970111483416797,0.41275715872740987
3784,0.31395407431100386,0.3023605827541281,0.38368534293486795
3785,0.5718863641545416,0.26779683491251893,0.1603168009329394
3786,0.12191718557714706,0.21909425406374508,0.6589885603591079
3787,0.12540861072459875,0.22796921533551504,0.6466221739398862
3788,0.2899885803282139,0.2945832180187883,0.41542820165299793
3789,0.08172938875724399,0.17236430988452184,0.7459063013582342
3790,0.205394788915799,0.2731052476599791,0.5214999634242219
3791,0.2501669926955828,0.2856068082186026,0.4642261990858147
3792,0.37820265970938866,0.29000586933584743,0.33179147095476386
3793,0.19315484602670605,0.28840929204010207,0.5184358619331919
3794,0.2709053103804597,0.29555224256615886,0.43354244705338135
3795,0.2795450187374755,0.314050205045748,0.40640477621677645
3796,0.3896550980642194,0.29801483315358634,0.31233006878219427
3797,0.31771423931261356,0.3001952534979184,0.38209050718946796
3798,0.2808405215577532,0.2951022292063192,0.42405724923592764
3799,0.3402509243806383,0.30434288778999147,0.35540618782937017
3800,0.09673875988970453,0.20836903159064915,0.6948922085196463
3801,0.1710354706889869,0.25164076156043547,0.5773237677505776
3802,0.36819537746480796,0.30131180229193194,0.33049282024326004
3803,0.26299770147408214,0.29206276536510045,0.4449395331608174
3804,0.32349443213611534,0.31017489160524925,0.36633067625863547
3805,0.14269507696699701,0.22775331853596384,0.6295516044970392
3806,0.22967958267561236,0.2884290727449287,0.48189134457945904
3807,0.15113160547950868,0.23370646935183642,0.6151619251686549
3808,0.1882738003802964,0.2733284235238675,0.5383977760958362
3809,0.19918102223078787,0.2698228035386168,0.5309961742305954
3810,0.3792939283917044,0.31706492482540016,0.30364114678289555
3811,0.1880981222832069,0.27422613007903063,0.5376757476377625
3812,0.28081574883704524,0.29824947192660917,0.4209347792363457
3813,0.27932652852402085,0.2883172967212158,0.43235617475476346
3814,0.35931687533774925,0.2856083709365709,0.3550747537256799
3815,0.4386953808369051,0.2911351222231135,0.27016949693998144
3816,0.3289388558124847,0.30283135814270085,0.3682297860448144
3817,0.4312921718449666,0.299801078109424,0.26890675004560943
3818,0.28643938196989643,0.29441543438484974,0.41914518364525394
3819,0.4074412650979959,0.2988029981961829,0.2937557367058213
3820,0.31557028969020146,0.30476730187646883,0.3796624084333297
3821,0.30030438739514315,0.29618673103996496,0.40350888156489195
3822,0.1854661170859691,0.26798059867998364,0.5465532842340473
3823,0.23478362306003597,0.28552596660480256,0.4796904103351616
3824,0.18546551249322143,0.255708156207384,0.5588263312993946
3825,0.19111061016928832,0.25706535773738515,0.5518240320933265
3826,0.3712134668190949,0.32539665221875047,0.30338988096215463
3827,0.10324342703571392,0.20366533166168238,0.6930912413026037
3828,0.22405115855733165,0.2836641019081659,0.4922847395345025
3829,0.18909884931440799,0.26629844628693716,0.5446027043986549
3830,0.17402519627502874,0.2534661736762812,0.5725086300486901
3831,0.21294150903168957,0.2979870830732643,0.48907140789504616
3832,0.34559245129259647,0.2950508070520174,0.3593567416553861
3833,0.2076802989544863,0.27680455726296654,0.5155151437825473
3834,0.2845671932542367,0.29740608953904857,0.4180267172067148
3835,0.33359270981680494,0.29109421870445823,0.37531307147873694
3836,0.4839487094339618,0.27981998954388493,0.2362313010221534
3837,0.21014344211086033,0.27734288093597076,0.5125136769531689
3838,0.27240215611853635,0.31125527366394795,0.41634257021751564
3839,0.21603457754738958,0.28082512795651215,0.5031402944960982
3840,0.15397967518660102,0.24942745125911914,0.5965928735542798
3841,0.24098908218773235,0.28814367200404783,0.47086724580821976
3842,0.4019782667797847,0.3053980905701455,0.29262364265006974
3843,0.1256154683400528,0.21697288169643997,0.6574116499635073
3844,0.2567968008043882,0.2837930473286282,0.4594101518669837
3845,0.15988741579749743,0.24486539660431417,0.5952471875981884
3846,0.28855370772890554,0.29564815285306795,0.4157981394180265
3847,0.27949133480743804,0.3081700665936603,0.41233859859890165
3848,0.30456794470892656,0.3067810925654867,0.38865096272558675
3849,0.3827512891269963,0.29411686865515857,0.32313184221784524
3850,0.1309894295098039,0.2401056917285559,0.6289048787616403
3851,0.14650054135457544,0.22439429683774426,0.6291051618076804
3852,0.23805833449813915,0.2788939531237769,0.483047712378084
3853,0.3113657711069567,0.31369940076135244,0.37493482813169093
3854,0.24431544431782148,0.29639776774948,0.45928678793269856
3855,0.28061043677867353,0.2964350328092836,0.42295453041204273
3856,0.35611179573895296,0.3098759209246742,0.33401228333637284
3857,0.16397289586719266,0.24759900821533695,0.5884280959174704
3858,0.38702663751157806,0.2900855216471752,0.3228878408412467
3859,0.19698050266876496,0.2689061957225285,0.5341133016087065
3860,0.3708699671516093,0.3077169260210816,0.3214131068273091
3861,0.3246765942524199,0.296745383364477,0.37857802238310306
3862,0.2795829564630761,0.28737407527345993,0.433042968263464
3863,0.43391766828974115,0.2831866734956157,0.28289565821464313
3864,0.16007056829467928,0.25019789997394537,0.5897315317313754
3865,0.4189639089386074,0.28764904504191846,0.29338704601947413
3866,0.21190477789749684,0.2813691193732799,0.5067261027292232
3867,0.2606865538030158,0.29884450203686663,0.4404689441601176
3868,0.11582373354617799,0.23483428953712202,0.6493419769166999
3869,0.2602922243128414,0.29878286614824967,0.44092490953890895
3870,0.2005128249526547,0.27310842511985717,0.5263787499274882
3871,0.2721690383538736,0.3065122197596906,0.42131874188643587
3872,0.22371961517937514,0.26849660665372044,0.5077837781669045
3873,0.12046900534926937,0.2195860214464279,0.6599449732043028
3874,0.30539878826109107,0.30687706904595385,0.38772414269295513
3875,0.15782333142683427,0.25001518989682275,0.592161478676343
3876,0.31474455351835884,0.28487268047535486,0.40038276600628625
3877,0.26702611483279964,0.28704296862916306,0.44593091653803735
3878,0.18228819977013416,0.2633073314591047,0.5544044687707612
3879,0.1873755917817762,0.26869124908176323,0.5439331591364606
3880,0.35295094820849265,0.31605143826473525,0.3309976135267722
3881,0.2784418056872727,0.29107100637767175,0.43048718793505564
3882,0.29596886741916234,0.28115637028704943,0.4228747622937883
3883,0.30808649916182745,0.29625406968985524,0.3956594311483173
3884,0.2707324905774675,0.2845054486078279,0.44476206081470465
3885,0.26980843259393,0.30039085890967665,0.4298007084963934
3886,0.2310950457176695,0.2975962895675556,0.4713086647147748
3887,0.08973519383495387,0.1836324544407189,0.7266323517243272
3888,0.4283279168023957,0.2885571086657563,0.2831149745318481
3889,0.3205426064978184,0.29607009812769897,0.38338729537448274
3890,0.20408857251731533,0.2511352398115726,0.544776187671112
3891,0.33457851676315437,0.3038862454812747,0.3615352377555709
3892,0.16329413571763998,0.2797148990040506,0.5569909652783095
3893,0.2537540458591906,0.29746631184816824,0.4487796422926411
3894,0.30404426206180507,0.30290227629997707,0.39305346163821786
3895,0.13735679938233525,0.23415626876159595,0.6284869318560687
3896,0.3338985060168648,0.29749648387068106,0.36860501011245417
3897,0.21819351057402261,0.27687098478698674,0.5049355046389906
3898,0.4067080201099996,0.29013539655306536,0.3031565833369349
3899,0.2088415520629059,0.27863106926467107,0.512527378672423
3900,0.18840147524043338,0.27234401798582447,0.5392545067737422
3901,0.27052794929136054,0.3017095886986014,0.42776246201003804
3902,0.4712619825946552,0.28333357979542934,0.24540443760991557
3903,0.3071288372011282,0.2932243741135693,0.3996467886853024
3904,0.14976641408238456,0.25563183185839905,0.5946017540592163
3905,0.3974517165092993,0.2977042510373992,0.3048440324533015
3906,0.36073835834787527,0.31215489575142885,0.3271067459006959
3907,0.23826699691385558,0.28112511716743266,0.48060788591871173
3908,0.38214671932097666,0.2866662277490989,0.33118705292992445
3909,0.26838072213649034,0.3074028315802777,0.42421644628323196
3910,0.1865631304856908,0.2614327201924263,0.5520041493218829
3911,0.34382174904518703,0.2992529483128164,0.3569253026419967
3912,0.2784761543255191,0.29096865590402926,0.4305551897704517
3913,0.13357759817971795,0.23201794121805538,0.6344044606022267
3914,0.16130637553981664,0.24392875596897654,0.5947648684912068
3915,0.3876769554310228,0.30567170996629617,0.306651334602681
3916,0.17007646382876396,0.24622926178552101,0.5836942743857151
3917,0.3796049117000007,0.28759423874948215,0.3328008495505171
3918,0.259155970982528,0.30561254718608794,0.43523148183138405
3919,0.2492720563903262,0.2891365361677848,0.4615914074418889
3920,0.3428805331403848,0.30591480908071306,0.3512046577789022
3921,0.1892983352759422,0.26854332666172925,0.5421583380623286
3922,0.20020042933298285,0.2654852633196884,0.5343143073473288
3923,0.296358871214308,0.3071068325232297,0.3965342962624624
3924,0.37760789282824186,0.2979254070346687,0.32446670013708945
3925,0.13278624603556224,0.2223720800553362,0.6448416739091016
3926,0.1597593238063508,0.24076585051553154,0.5994748256781176
3927,0.3169647883601411,0.3169577843310954,0.36607742730876347
3928,0.23456159616949016,0.2763891830763623,0.4890492207541476
3929,0.27942654859794236,0.31615797021243147,0.4044154811896261
3930,0.3808585651526842,0.30091391133458123,0.3182275235127347
3931,0.19332581794503012,0.26528900487921,0.5413851771757598
3932,0.27891407503279514,0.29846661030017685,0.422619314667028
3933,0.2494094639986624,0.274606180364595,0.47598435563674263
3934,0.1939079185403808,0.26052668179675104,0.5455653996628682
3935,0.2843991060193511,0.2944716610435778,0.42112923293707116
3936,0.29031651383081086,0.30449151856618467,0.4051919676030046
3937,0.23830714652484777,0.2937601253593327,0.4679327281158196
3938,0.21400270055693538,0.28026319260189003,0.5057341068411746
3939,0.28586151726985937,0.284965822075201,0.4291726606549397
3940,0.14919091864935477,0.24005249222789207,0.6107565891227532
3941,0.32726266883107763,0.2969945719021859,0.3757427592667365
3942,0.17769323035162443,0.27595077905769133,0.5463559905906843
3943,0.172748993008947,0.254335547587017,0.5729154594040361
3944,0.19867264132024137,0.27043283152525116,0.5308945271545075
3945,0.30273943077212906,0.30042531569296943,0.39683525353490157
3946,0.4559330600090732,0.2774804700117715,0.2665864699791553
3947,0.1303314626429507,0.22190896267393045,0.6477595746831188
3948,0.15518469512952698,0.2494402067104146,0.5953750981600584
3949,0.3314395329685925,0.30953841263762266,0.3590220543937849
3950,0.4000047038411796,0.31614225882245,0.28385303733637046
3951,0.2569574000635232,0.28836523778780626,0.45467736214867066
3952,0.3016559433120056,0.29596104151271335,0.40238301517528097
3953,0.13273946094001668,0.22574285691810467,0.6415176821418787
3954,0.3567904962681241,0.28556805922835693,0.35764144450351903
3955,0.33395631654357094,0.29647559216786057,0.36956809128856843
3956,0.3872026627302445,0.29401789414002416,0.31877944312973144
3957,0.2594836625515208,0.28671212904284304,0.45380420840563623
3958,0.19332298284805793,0.2602672596217325,0.5464097575302095
3959,0.13736897419639266,0.25056296351871615,0.6120680622848913
3960,0.15936533526656876,0.25483660852469664,0.5857980562087346
3961,0.3175304520873389,0.3042247915852994,0.37824475632736165
3962,0.3111796704186912,0.27922755083419376,0.40959277874711514
3963,0.15171365972170736,0.2462000310733672,0.6020863092049255
3964,0.47141353366997113,0.2894147575311226,0.23917170879890629
3965,0.15932538747764477,0.2375853872574558,0.6030892252648995
3966,0.41725566512861423,0.29666738267223636,0.2860769521991494
3967,0.2950492570811062,0.2892797190508851,0.41567102386800864
3968,0.32234176463658765,0.29908667725732907,0.3785715581060832
3969,0.21777866419923744,0.29225020940776747,0.48997112639299517
3970,0.36697454056349843,0.3015660119067765,0.3314594475297251
3971,0.25246196913804214,0.28263156398747713,0.46490646687448084
3972,0.43111737100255426,0.2964531905560899,0.27242943844135586
3973,0.2205488970780921,0.28995007812986023,0.48950102479204766
3974,0.39308336071670064,0.29429151179262475,0.3126251274906747
3975,0.2775167108234409,0.2806026749236389,0.4418806142529201
3976,0.4477128820865588,0.3010019965043754,0.25128512140906584
3977,0.2628840013910497,0.29204785346748996,0.4450681451414603
3978,0.16224652448489724,0.2402935169928596,0.5974599585222432
3979,0.2501129104906333,0.2880159194959896,0.4618711700133772
3980,0.17015221395774652,0.2605563066421621,0.5692914794000914
3981,0.2324745241760887,0.289418478285655,0.4781069975382563
3982,0.22640648983235137,0.2722150498924972,0.5013784602751515
3983,0.23868287422816836,0.2872936212328556,0.474023504538976
3984,0.17424767203965777,0.24556663768826084,0.5801856902720813
3985,0.15505643166161662,0.23647604124868005,0.6084675270897034
3986,0.1825182348234176,0.2817531508356588,0.5357286143409236
3987,0.1918936073220709,0.27816160932877876,0.5299447833491503
3988,0.2675589240535576,0.2856731775864895,0.4467678983599529
3989,0.4519717251607098,0.3051525520049218,0.24287572283436848
3990,0.15384822373447793,0.24311310222798116,0.603038674037541
3991,0.2508464843742961,0.29544373201529384,0.45370978361041003
3992,0.4237781241141311,0.2846897717021507,0.2915321041837182
3993,0.37572386606956,0.29632644930657837,0.3279496846238616
3994,0.4551211643053537,0.2817427922783585,0.26313604341628777
3995,0.3596764468216221,0.2987198589605657,0.3416036942178122
3996,0.3312319820840978,0.2939535825570956,0.37481443535880665
3997,0.2237672973935085,0.27421744018574407,0.5020152624207475
3998,0.15706196258082455,0.25182738345737177,0.5911106539618037
3999,0.18308427735270918,0.27522183249789567,0.5416938901493952
4000,0.41532273794788716,0.3019741020998012,0.2827031599523117
4001,0.16677069713877396,0.23940990040610952,0.5938194024551166
4002,0.1754022425525573,0.24985857643174733,0.5747391810156953
4003,0.2658380560435152,0.2932079755743445,0.4409539683821403
4004,0.1860750399881184,0.2621791551473141,0.5517458048645675
4005,0.09646106281488431,0.19078266085287304,0.7127562763322426
4006,0.21671988302232817,0.28138730614215873,0.5018928108355131
4007,0.2940968473932827,0.2907377990617829,0.4151653535449345
4008,0.3748406226448457,0.2999930889760142,0.32516628837914013
4009,0.3017922360333545,0.28784384397573815,0.4103639199909073
4010,0.12791367411858076,0.25208318966364085,0.6200031362177785
4011,0.36585975181015545,0.3064404905622691,0.3276997576275754
4012,0.2228847528817756,0.28636706172331755,0.4907481853949069
4013,0.29224099118048785,0.30267021041669234,0.40508879840281975
4014,0.20032570075690967,0.2756733864949189,0.5240009127481714
4015,0.2908319222082266,0.2881394633895968,0.4210286144021766
4016,0.1790081622758943,0.25272214935311826,0.5682696883709875
4017,0.24907375976278703,0.29262720256522484,0.4582990376719882
4018,0.2825089940645677,0.31659777501450775,0.4008932309209245
4019,0.31671778399843187,0.2968127627048695,0.38646945329669874
4020,0.28780677931619886,0.300124044724621,0.4120691759591802
4021,0.3056950828337594,0.30120103866868203,0.3931038784975585
4022,0.2477998250660025,0.3093118130911874,0.4428883618428102
4023,0.10296699244519521,0.19326836193123018,0.7037646456235747
4024,0.382093669093175,0.2941162074753805,0.3237901234314446
4025,0.2450178546820657,0.26943599462054185,0.4855461506973925
4026,0.20742391519424938,0.2754845076978427,0.5170915771079079
4027,0.2732614947858884,0.31332913250447325,0.41340937270963835
4028,0.4067867745070388,0.2978532844919422,0.29535994100101914
4029,0.4541304981976367,0.28020133707413675,0.2656681647282267
4030,0.24826154312814502,0.28164175142732545,0.47009670544452953
4031,0.22586769651188457,0.28976366264881737,0.4843686408392981
4032,0.22009127691494454,0.27683536220058463,0.5030733608844709
4033,0.26338440911768574,0.2989430565348185,0.43767253434749576
4034,0.31332534223350367,0.2990391590306846,0.38763549873581177
4035,0.27449863283086934,0.29869370771451886,0.42680765945461174
4036,0.12552192824580466,0.23055388909051514,0.6439241826636802
4037,0.2754171885151712,0.3010871338786761,0.4234956776061527
4038,0.1422474808330585,0.23642611702802951,0.6213264021389121
4039,0.1555188812523224,0.2350680262219367,0.6094130925257408
4040,0.29886636341863415,0.3141769875491492,0.38695664903221677
4041,0.384104434467837,0.31377266430873074,0.30212290122343227
4042,0.2599306030241503,0.3026066367201642,0.4374627602556856
4043,0.27347356938753187,0.28790152021377385,0.4386249103986944
4044,0.387680479341007,0.2911104168754843,0.32120910378350875
4045,0.15225486714553935,0.24936469465823752,0.5983804381962232
4046,0.25290580587273936,0.28597648536377446,0.46111770876348623
4047,0.3687278441316623,0.2937138916528109,0.33755826421552676
4048,0.16724157646523782,0.24067938771895603,0.5920790358158061
4049,0.26017048912883356,0.2887034307479941,0.4511260801231723
4050,0.34131344814482656,0.30303797591094256,0.3556485759442309
4051,0.3472420436089989,0.3024609218051355,0.35029703458586553
4052,0.25768190005854086,0.2918704275375728,0.45044767240388633
4053,0.26223066370875303,0.3011737669517552,0.4365955693394918
4054,0.12598530912546024,0.21461405559840815,0.6594006352761316
4055,0.32306322652113423,0.29788123442788583,0.37905553905097994
4056,0.10803000055201133,0.1949281002014275,0.6970418992465612
4057,0.18007016996909547,0.2635450394042895,0.5563847906266151
4058,0.33428690688181,0.32144893460142804,0.3442641585167619
4059,0.18969053746429324,0.2778432066437511,0.5324662558919556
4060,0.3901666499082901,0.29406298212685195,0.3157703679648581
4061,0.25156669154613825,0.30322879040564993,0.44520451804821193
4062,0.31721014143750575,0.3033375316074987,0.37945232695499553
4063,0.3740261219254615,0.29941897484888,0.32655490322565844
4064,0.3096518978343211,0.30085534862989644,0.38949275353578244
4065,0.33042998845368954,0.28399622878444647,0.3855737827618641
4066,0.21944440880233343,0.2647488058329512,0.5158067853647155
4067,0.3772885790535559,0.28941769954575314,0.3332937214006911
4068,0.26547474700491713,0.3039332348587859,0.43059201813629705
4069,0.2771909375785251,0.2992522080141639,0.42355685440731106
4070,0.23291403302357425,0.2946285492348453,0.4724574177415805
4071,0.26842724087606223,0.3002495681467567,0.4313231909771811
4072,0.23422066070976305,0.2814970750705197,0.48428226421971726
4073,0.1908225571282119,0.24837371729659155,0.5608037255751966
4074,0.14178999605220832,0.22507578062911623,0.6331342233186754
4075,0.18433050787091182,0.26265198221510616,0.5530175099139821
4076,0.22992371099426104,0.2789434465063345,0.4911328424994046
4077,0.16220248030473977,0.2595724270695898,0.5782250926256705
4078,0.4731553639800281,0.2834222782079733,0.24342235781199864
4079,0.16573169890451192,0.2471748614250811,0.587093439670407
4080,0.28694428169038694,0.2799584077417334,0.4330973105678797
4081,0.18265038515218004,0.25448054595024455,0.5628690688975755
4082,0.19489618440777456,0.27395483982517493,0.5311489757670504
4083,0.19766416994681724,0.26330996304545684,0.5390258670077259
4084,0.3304563350920955,0.33020473099311937,0.33933893391478515
4085,0.3323997883850582,0.29483956350268564,0.3727606481122563
4086,0.3570386142571407,0.3049567820665478,0.3380046036763115
4087,0.2054914195427729,0.2656791925114008,0.5288293879458262
4088,0.38357720364203607,0.30753202878659175,0.30889076757137224
4089,0.129541569984084,0.22460795556316834,0.6458504744527477
4090,0.19933288999967025,0.26259230324135785,0.5380748067589719
4091,0.25030150593654393,0.28590369263266996,0.46379480143078616
4092,0.25917308651129084,0.28741282151186975,0.4534140919768394
4093,0.19006958427080228,0.27219746127316446,0.5377329544560332
4094,0.12138196407986163,0.21896243217424696,0.6596556037458915
4095,0.16565177324888222,0.2601340183856817,0.5742142083654361
4096,0.3057992210237144,0.2981872235264538,0.3960135554498317
4097,0.24081541073191318,0.29725207244107277,0.46193251682701414
4098,0.13337776924026576,0.2342255171467954,0.6323967136129388
4099,0.3985646726681231,0.2997458154022177,0.3016895119296591
4100,0.1447783932021644,0.226066928795018,0.6291546780028177
4101,0.1749273321133199,0.2532693464232305,0.5718033214634496
4102,0.3715622803788552,0.3007328460841123,0.3277048735370326
4103,0.2558863433160748,0.30536418622836525,0.43874947045556006
4104,0.43754999268969785,0.28572544719220394,0.27672456011809826
4105,0.254114333975045,0.29167726042731074,0.45420840559764425
4106,0.4687481341337468,0.2803098595936258,0.25094200627262736
4107,0.16239935951601428,0.2580076724832901,0.5795929680006957
4108,0.15551010785153402,0.24401477663322502,0.6004751155152409
4109,0.24032355211173428,0.289795868936979,0.46988057895128676
4110,0.2614442439388683,0.29242460240692036,0.44613115365421135
4111,0.38181484764775575,0.30049621592179593,0.31768893643044827
4112,0.2534576089086352,0.28099273259087304,0.4655496585004918
4113,0.32643672837150134,0.29318824140188365,0.38037503022661506
4114,0.20492950625387832,0.28837512232694074,0.506695371419181
4115,0.25431300023826775,0.2941118364425147,0.4515751633192176
4116,0.21043715976557664,0.28297225297885314,0.5065905872555703
4117,0.21417649070709804,0.28371973106080767,0.5021037782320944
4118,0.32442463396337434,0.2946088765267418,0.3809664895098838
4119,0.2994129229669715,0.28875349749227086,0.41183357954075767
4120,0.3270631120698419,0.29959754954012635,0.37333933839003175
4121,0.30223008897675296,0.2940478845412076,0.40372202648203953
4122,0.20135321877820392,0.2935356908460464,0.5051110903757496
4123,0.3078186079178507,0.3058483904826496,0.38633300159949974
4124,0.3568228921379336,0.3000842848299636,0.34309282303210287
4125,0.18486102407379237,0.2551547494137375,0.5599842265124702
4126,0.19106634634416295,0.26200480524266434,0.5469288484131727
4127,0.2271536276429305,0.2726843338747859,0.5001620384822837
4128,0.20370217351147127,0.2884638870458994,0.5078339394426293
4129,0.1113547223641392,0.19621964076467246,0.6924256368711883
4130,0.29656649854052736,0.2955375857261697,0.40789591573330286
4131,0.3017839911218156,0.3230353786976416,0.3751806301805429
4132,0.3028623624841947,0.29562258472827463,0.4015150527875308
4133,0.19892659949130512,0.2705826728806995,0.5304907276279954
4134,0.2885927736220036,0.301427621402223,0.4099796049757733
4135,0.18445647746453056,0.2650850814109179,0.5504584411245516
4136,0.27703758404680884,0.3001935569917544,0.42276885896143673
4137,0.3034653159730528,0.3004624584594224,0.3960722255675248
4138,0.25023824339753237,0.27786686391507026,0.4718948926873975
4139,0.1817698611418633,0.2713017654067881,0.5469283734513486
4140,0.19502845372093255,0.2684302207876738,0.5365413254913937
4141,0.18301469738264212,0.25177118308872176,0.5652141195286362
4142,0.21708839956360884,0.2717335947794696,0.5111780056569215
4143,0.2594070024382915,0.28205835259333706,0.4585346449683715
4144,0.5276488173196724,0.2695326205335621,0.20281856214676539
4145,0.4177726278917885,0.2987494350193127,0.28347793708889873
4146,0.29558789470573227,0.2967784202925472,0.40763368500172054
4147,0.1565020026759164,0.2691096625013084,0.5743883348227752
4148,0.3652580690128786,0.3000423647048508,0.3346995662822706
4149,0.30488534897588354,0.3100612858599369,0.38505336516417954
4150,0.28786951916611836,0.29067518469557624,0.42145529613830535
4151,0.25039355964598187,0.27202405063447915,0.47758238971953904
4152,0.31490750432168624,0.3033654199820494,0.38172707569626435
4153,0.3492079268396627,0.3238931867602226,0.3268988864001148
4154,0.35165640294578904,0.29119181639131547,0.35715178066289555
4155,0.09074075834007678,0.1854526456569375,0.7238065960029857
4156,0.12595727214538469,0.22235140710387757,0.6516913207507378
4157,0.2199800471793414,0.27537751279173284,0.5046424400289259
4158,0.2089400734380537,0.27309150945416505,0.5179684171077813
4159,0.27723155453125237,0.31195118642835085,0.4108172590403968
4160,0.19653917638783366,0.25470666332410086,0.5487541602880655
4161,0.12879653539322564,0.23291598643230954,0.6382874781744649
4162,0.1748102660533842,0.2551188824938612,0.5700708514527546
4163,0.3553633303593895,0.30551486672308104,0.33912180291752947
4164,0.22198920002706618,0.274364565316989,0.5036462346559448
4165,0.29396669617332316,0.29147243315407523,0.4145608706726016
4166,0.18016841435492767,0.2455470275422802,0.5742845581027922
4167,0.18339633835085925,0.2590260578115986,0.5575776038375422
4168,0.15887343922785815,0.25251502238904344,0.5886115383830984
4169,0.2300928489752913,0.2830259150544465,0.48688123597026217
4170,0.4267783261320743,0.28220343800664094,0.2910182358612848
4171,0.36328130718242696,0.3056465343783945,0.3310721584391786
4172,0.3577346849072663,0.2902557809867683,0.35200953410596547
4173,0.33029916879773286,0.3161350779227588,0.3535657532795084
4174,0.2829536286738312,0.30524741212176254,0.41179895920440623
4175,0.2043398057599044,0.27392903246106937,0.5217311617790262
4176,0.27039007286325173,0.29420678546787843,0.4354031416688699
4177,0.33169915065106237,0.2909649031233043,0.3773359462256333
4178,0.3849213910340194,0.29641406913102,0.31866453983496057
4179,0.2157409345174424,0.2799241402842359,0.5043349251983218
4180,0.18183596220365664,0.2637194912230347,0.5544445465733088
4181,0.3014400738337854,0.2984315654636284,0.4001283607025861
4182,0.19780772310842334,0.28211266880789787,0.5200796080836788
4183,0.18419586774725802,0.28085329820994137,0.5349508340428006
4184,0.44555018914617694,0.2903712269454269,0.2640785839083962
4185,0.3258319979923815,0.29958188848100403,0.3745861135266145
4186,0.34729648227291127,0.30566735990235944,0.3470361578247293
4187,0.20072345705590167,0.26867611388733054,0.5306004290567679
4188,0.43871929610388544,0.28540390023061046,0.27587680366550416
4189,0.30420029036226137,0.298550476185785,0.3972492334519536
4190,0.23155929692755403,0.27720168244739524,0.49123902062505076
4191,0.21803776745489348,0.286599648825608,0.4953625837194985
4192,0.12488134484718219,0.20967524869602053,0.6654434064567973
4193,0.302192438757628,0.30353926957738586,0.39426829166498606
4194,0.430322294590105,0.32237051971565794,0.24730718569423707
4195,0.2010282318435143,0.27110144801458214,0.5278703201419036
4196,0.1979559600123601,0.2612804664521266,0.5407635735355133
4197,0.23376004547517176,0.27854646121753013,0.4876934933072981
4198,0.21500147952728643,0.2795607536350293,0.5054377668376843
4199,0.2559916863474559,0.2962747578301841,0.44773355582236
4200,0.12249415785546046,0.24585764676423505,0.6316481953803045
4201,0.2203790587446094,0.2630926582783077,0.516528282977083
4202,0.3238928232968562,0.30348748049653085,0.37261969620661295
4203,0.26500896556598225,0.28254564611546223,0.45244538831855546
4204,0.2881241457279298,0.2942396094336586,0.4176362448384115
4205,0.38489673369412575,0.30690713323149577,0.3081961330743785
4206,0.19614282520807627,0.2766464636258041,0.5272107111661196
4207,0.22527687086041262,0.2784821709760944,0.49624095816349306
4208,0.4459454135251362,0.2992732263025524,0.25478136017231146
4209,0.3373335182243821,0.30495911722756125,0.3577073645480567
4210,0.1744089538597432,0.24705146132302616,0.5785395848172307
4211,0.2729607774632233,0.3060639914789461,0.42097523105783063
4212,0.1526274488819492,0.23856567194130293,0.6088068791767479
4213,0.3311722257847187,0.30591219701275774,0.3629155772025236
4214,0.39322771021986036,0.31624879683327495,0.29052349294686475
4215,0.1234502071050505,0.22409316737475354,0.6524566255201959
4216,0.31404656439660705,0.2975838292543136,0.3883696063490794
4217,0.3754594363431945,0.29094634001962155,0.3335942236371839
4218,0.3452839303308754,0.28964072595384427,0.3650753437152802
4219,0.23866651536458722,0.3041804924774946,0.45715299215791816
4220,0.17706198296429193,0.25884928602697566,0.5640887310087325
4221,0.37601942252845866,0.29505792045587587,0.3289226570156656
4222,0.22946623549602124,0.2814374496450336,0.48909631485894517
4223,0.4710065202757749,0.3026739741688992,0.226319505555326
4224,0.21122037309603414,0.27519059700068055,0.5135890299032854
4225,0.4082601182628392,0.3035016648365381,0.28823821690062273
4226,0.2650088252976337,0.297917434812555,0.4370737398898113
4227,0.16367889867680563,0.2503972125324505,0.5859238887907439
4228,0.3235988117377478,0.2986156849583626,0.37778550330388966
4229,0.2250399441434759,0.27424022212029536,0.5007198337362287
4230,0.20854018314467057,0.27977544824937917,0.5116843686059502
4231,0.23841355651926346,0.2894398756794056,0.4721465678013309
4232,0.24243426172830426,0.28142841380678063,0.47613732446491513
4233,0.43509807327955213,0.31284629875610565,0.2520556279643422
4234,0.17311929076345986,0.27005197787724183,0.5568287313592983
4235,0.2523695201221179,0.29814138928885237,0.4494890905890298
4236,0.15009904444816327,0.23548802076949546,0.6144129347823413
4237,0.4131447992729305,0.2900091867576636,0.29684601396940596
4238,0.44390858259449345,0.28572906285412714,0.27036235455137936
4239,0.2663213013477451,0.3001658619276807,0.4335128367245742
4240,0.237556924760492,0.28710532069054756,0.4753377545489604
4241,0.30326803849543854,0.32143451868039274,0.37529744282416877
4242,0.2645188328698353,0.29908571238202203,0.4363954547481427
4243,0.19434521677087246,0.2770536653513659,0.5286011178777617
4244,0.38295877402260314,0.31431777455585863,0.3027234514215383
4245,0.26330422829697997,0.30544300875864233,0.43125276294437764
4246,0.24805346981863477,0.28607264142663924,0.46587388875472596
4247,0.33734494183117614,0.28638130836944586,0.37627374979937794
4248,0.12816439078555408,0.24598488218430525,0.6258507270301407
4249,0.16842966862011707,0.2472381985076259,0.584332132872257
4250,0.19812059184294886,0.26696292375117914,0.5349164844058721
4251,0.250831246531169,0.29291804864307264,0.4562507048257584
4252,0.2557490063338926,0.29893764762375996,0.44531334604234746
4253,0.11590508927836883,0.2125624651040621,0.6715324456175691
4254,0.15502870645109085,0.25267668598985743,0.5922946075590518
4255,0.2075011860425346,0.27217221988633356,0.5203265940711319
4256,0.3551727709690979,0.2940240300073506,0.35080319902355145
4257,0.3231806094068063,0.311334961259049,0.36548442933414466
4258,0.42536400435729077,0.2890260095635646,0.28560998607914473
4259,0.32415070285259695,0.2936526412720571,0.382196655875346
4260,0.35509111382119835,0.32130856174108874,0.3236003244377129
4261,0.2127450097910354,0.28111447377015825,0.5061405164388064
4262,0.3757158870990518,0.3012912327120985,0.32299288018884975
4263,0.2569356986335458,0.28106540200643904,0.4619988993600151
4264,0.27108400093938867,0.2917373808618958,0.43717861819871556
4265,0.253089916702956,0.29062909124315534,0.4562809920538887
4266,0.30027512723236743,0.31463013924598954,0.38509473352164303
4267,0.2825111017790527,0.3199763801836272,0.3975125180373201
4268,0.13585478893747888,0.2489927926546551,0.615152418407866
4269,0.18408534487026837,0.2639154080601761,0.5519992470695556
4270,0.1952138231551145,0.281563742359119,0.5232224344857664
4271,0.4318776178903744,0.2759671176724936,0.292155264437132
4272,0.15418116936640694,0.24180818052370642,0.6040106501098867
4273,0.21515250088666968,0.26507121711693227,0.519776281996398
4274,0.3548153936869582,0.2877113346965976,0.35747327161644427
4275,0.27697379276310097,0.30285483855053386,0.4201713686863653
4276,0.24337323092142885,0.30104665984695617,0.45558010923161507
4277,0.4135293721095783,0.29799932957889014,0.28847129831153157
4278,0.21561179364249605,0.28524549917228537,0.4991427071852186
4279,0.2798629136314125,0.30089762959147964,0.4192394567771079
4280,0.45271735652462114,0.2833737735023621,0.2639088699730168
4281,0.18026398808537053,0.25607717881354897,0.5636588331010804
4282,0.1696362313474949,0.23929991712823176,0.5910638515242734
4283,0.1024151854701288,0.2086245446075622,0.6889602699223091
4284,0.3272197055374741,0.29843072229670115,0.37434957216582476
4285,0.2030275820477975,0.27235953249372935,0.5246128854584732
4286,0.37787688426640936,0.3109896630269261,0.31113345270666465
4287,0.1880820541572999,0.29580577800606156,0.5161121678366386
4288,0.5389740677275617,0.2803002978934483,0.18072563437899003
4289,0.16375178961791764,0.25422206734441655,0.5820261430376659
4290,0.4279522005790693,0.30010003364544946,0.2719477657754813
4291,0.24395878424438916,0.28326920584440457,0.4727720099112064
4292,0.21471482888344967,0.2711776495679786,0.5141075215485718
4293,0.16009930926342528,0.24833228146823055,0.5915684092683442
4294,0.3881657045104995,0.3134242397176031,0.2984100557718975
4295,0.33869621746572093,0.2928003610736063,0.3685034214606728
4296,0.1403068004282156,0.2184203919958792,0.6412728075759052
4297,0.18017858024819222,0.27813750173502594,0.5416839180167818
4298,0.1951091020529147,0.2749276090088113,0.529963288938274
4299,0.2159831127543181,0.2848791719354528,0.49913771531022916
4300,0.3926383753446707,0.29503246582885767,0.31232915882647166
4301,0.20306090841991753,0.26064944681938895,0.5362896447606935
4302,0.3060666598969311,0.28761986853297145,0.40631347157009745
4303,0.15902584146795481,0.2496705847295429,0.5913035738025023
4304,0.3372065893305968,0.31185715165206546,0.3509362590173377
4305,0.36192152998981897,0.2955347090684821,0.3425437609416989
4306,0.3098136644471243,0.30114359651796424,0.3890427390349114
4307,0.2876028325298225,0.2989856934615917,0.41341147400858574
4308,0.3173019461101843,0.2800259266573563,0.4026721272324595
4309,0.18439064575671693,0.25344373070897896,0.5621656235343042
4310,0.1567102445862582,0.26284740592712014,0.5804423494866217
4311,0.35196556358772857,0.30035578860202805,0.3476786478102434
4312,0.18885882146087302,0.2682530557062391,0.5428881228328879
4313,0.38232891612826997,0.30077344692391605,0.316897636947814
4314,0.10576901223634631,0.21108141759327428,0.6831495701703795
4315,0.2606931283799734,0.29037270426631984,0.44893416735370667
4316,0.19102581680503808,0.2805654765874628,0.5284087066074992
4317,0.21690895773484445,0.27899832223293836,0.5040927200322172
4318,0.3937566502544861,0.3263618657508996,0.2798814839946144
4319,0.14969642497363203,0.24357102610332024,0.6067325489230477
4320,0.3619866829294821,0.30138620714188064,0.3366271099286373
4321,0.15873841809976427,0.24682344046787225,0.5944381414323635
4322,0.25264230832935886,0.27331349247483083,0.4740441991958103
4323,0.3236009045924241,0.2922761745288285,0.3841229208787474
4324,0.2682601410223428,0.2995846279934485,0.4321552309842088
4325,0.22800992372537818,0.2860797866060823,0.48591028966853966
4326,0.2753531115679877,0.30916805961321114,0.4154788288188012
4327,0.10039990654035154,0.19450921330121684,0.7050908801584316
4328,0.2753531442599197,0.2847645262220946,0.43988232951798584
4329,0.15969483111083835,0.24774439885309085,0.5925607700360709
4330,0.27034025756858954,0.28416553690259494,0.4454942055288155
4331,0.3489203466392834,0.28488172994616057,0.3661979234145561
4332,0.16463936708287047,0.2685131940017415,0.566847438915388
4333,0.2245718989130833,0.27913208843792087,0.49629601264899587
4334,0.43785835552847246,0.30393718805605296,0.25820445641547457
4335,0.21307123412125956,0.28356315177913294,0.5033656140996075
4336,0.3287641043154659,0.3029475848794855,0.3682883108050487
4337,0.1914299955988625,0.27154488953500777,0.5370251148661297
4338,0.37010765299950926,0.29965633482275666,0.33023601217773413
4339,0.16737876533037016,0.2453982957469566,0.5872229389226732
4340,0.11642171831044427,0.20405847697752977,0.6795198047120259
4341,0.27753344332269014,0.29233285635552064,0.4301337003217892
4342,0.19162728614428395,0.2602716314098085,0.5481010824459075
4343,0.1698718678715455,0.253455284219063,0.5766728479093914
4344,0.16952175561951796,0.24274964478409916,0.5877285995963829
4345,0.2224656663075309,0.293230173759863,0.48430415993260606
4346,0.23656028707469576,0.2823502418963767,0.48108947102892746
4347,0.16026741567067807,0.2465008027524134,0.5932317815769086
4348,0.4386711681406256,0.31396070672997106,0.24736812512940326
4349,0.2892686571812155,0.3113262875958861,0.3994050552228985
4350,0.34027502966113804,0.29525685672909974,0.3644681136097622
4351,0.12153316743551068,0.23642924149358302,0.6420375910709063
4352,0.22848771089827882,0.2794388072493146,0.49207348185240657
4353,0.48847412958991876,0.26862698362158144,0.24289888678849983
4354,0.3785390136813261,0.3037938537553218,0.31766713256335205
4355,0.45793386301257477,0.28634469129388335,0.2557214456935419
4356,0.2599182076945369,0.30974424651007243,0.4303375457953908
4357,0.28241146513658166,0.3119434410514622,0.4056450938119562
4358,0.09079114127477354,0.18024306610963045,0.728965792615596
4359,0.2986847346939246,0.3052271835163379,0.39608808178973753
4360,0.2711754197788078,0.2875401527504517,0.4412844274707406
4361,0.29668257724446684,0.30803838392878585,0.39527903882674736
4362,0.22390602674797908,0.2725640759604324,0.5035298972915885
4363,0.10144094018726088,0.19063103999593814,0.707928019816801
4364,0.18593215358287607,0.2604795265745534,0.5535883198425705
4365,0.32027187795292295,0.31619190583358503,0.3635362162134921
4366,0.19583217975987782,0.27818266556569093,0.5259851546744312
4367,0.23128303680663856,0.2924156352339146,0.47630132795944674
4368,0.34448548088834363,0.2995097791524242,0.3560047399592321
4369,0.42902610714001377,0.28933076411352476,0.2816431287464614
4370,0.40444691623891726,0.28113404928518443,0.3144190344758983
4371,0.33083807314370717,0.29150239852445253,0.37765952833184024
4372,0.26095922522514264,0.2947806509824462,0.4442601237924112
4373,0.17216788833646857,0.28241532293839167,0.5454167887251398
4374,0.27551948932395925,0.29810103251540665,0.4263794781606341
4375,0.30664405693585023,0.299888838420609,0.39346710464354073
4376,0.186388497917455,0.27266504291591553,0.5409464591666295
4377,0.16274025718548998,0.24746515023087937,0.5897945925836307
4378,0.3813014954030088,0.32286163755408903,0.2958368670429022
4379,0.30411170487317707,0.30602554905567686,0.38986274607114607
4380,0.24103116387151666,0.27562843466032844,0.48334040146815493
4381,0.28429739815915517,0.2990373599686838,0.4166652418721611
4382,0.42676669294591446,0.3064001271074187,0.2668331799466669
4383,0.1856466907692834,0.25625978565586316,0.5580935235748534
4384,0.25337143549833063,0.284330508569763,0.4622980559319065
4385,0.11271690192728392,0.21124209537010313,0.6760410027026129
4386,0.19162949740864785,0.27444606286360307,0.5339244397277492
4387,0.1375596425435227,0.25145701358654804,0.6109833438699293
4388,0.1125694108367524,0.21585010508592517,0.6715804840773225
4389,0.190467850060561,0.27872975318980253,0.5308023967496365
4390,0.2832492105896487,0.2930200231636516,0.42373076624669964
4391,0.2855015640318864,0.3104812540887866,0.40401718187932706
4392,0.4628649521914796,0.2947067865337579,0.24242826127476244
4393,0.26962031580396334,0.28790708500154694,0.4424725991944898
4394,0.22123404946201494,0.278601485588652,0.5001644649493332
4395,0.17634841566229809,0.2696467327567794,0.5540048515809226
4396,0.36946881917020236,0.2945713555940804,0.33595982523571727
4397,0.39452541659344725,0.29032154980074276,0.3151530336058099
4398,0.2974788698925185,0.31520697434901557,0.38731415575846595
4399,0.10073038803880027,0.2110090524994238,0.6882605594617759
4400,0.17489608294867046,0.2446416372181989,0.5804622798331307
4401,0.2920563598752046,0.2920209966884402,0.4159226434363552
4402,0.3411914311003446,0.3011322130819017,0.35767635581775375
4403,0.2210763026119232,0.28633662430706486,0.49258707308101185
4404,0.12903137551908248,0.21913397980068788,0.6518346446802297
4405,0.26955456469775174,0.29783713516757654,0.4326083001346718
4406,0.21861251413592567,0.26062110597026683,0.5207663798938076
4407,0.2667363376404322,0.2948187191642321,0.4384449431953357
4408,0.3762910555362638,0.29232280418337114,0.33138614028036495
4409,0.21387001116489235,0.2837394234272284,0.5023905654078792
4410,0.2953506884265451,0.3075467937026414,0.39710251787081347
4411,0.2631181945559811,0.29790276900894924,0.4389790364350697
4412,0.11500510609965786,0.21533207433895046,0.6696628195613916
4413,0.2718884592514408,0.28891391581624826,0.439197624932311
4414,0.3849527672191809,0.29835493259166834,0.3166923001891507
4415,0.405413269965845,0.29503187897482375,0.29955485105933144
4416,0.2630148119826871,0.28969157364523573,0.4472936143720772
4417,0.3460669351368188,0.301979220075854,0.35195384478732733
4418,0.4134977789986699,0.3209575557589911,0.26554466524233905
4419,0.2921870851655595,0.28674130418862875,0.42107161064581183
4420,0.2620972511508301,0.3248401924152626,0.41306255643390727
4421,0.22983959784203523,0.2897255698424744,0.48043483231549033
4422,0.27915474346777597,0.2909413686070549,0.4299038879251691
4423,0.3123124842766832,0.30007176633552596,0.3876157493877909
4424,0.22069914517212053,0.2795596787792719,0.49974117604860757
4425,0.29190199415043755,0.3002493515487495,0.40784865430081296
4426,0.3982984787907637,0.31855854701297154,0.28314297419626483
4427,0.1002692553657533,0.1934337991389928,0.7062969454952539
4428,0.3284512460365208,0.29208630223293863,0.3794624517305405
4429,0.23123262569463246,0.2852857092756843,0.4834816650296832
4430,0.15903010275068827,0.24060077070350644,0.6003691265458053
4431,0.1112660185307781,0.23004571705409171,0.6586882644151303
4432,0.15554508898100927,0.2557702557501665,0.5886846552688243
4433,0.23072102281256612,0.2926471874349803,0.4766317897524536
4434,0.31935337538790626,0.29188413559189,0.38876248902020377
4435,0.22329000201792445,0.2857124452466242,0.49099755273545137
4436,0.23575919033592335,0.2668119297199156,0.49742887994416113
4437,0.4236359609989626,0.2949221757112399,0.28144186328979753
4438,0.43452197175674706,0.31044442726403637,0.2550336009792166
4439,0.3296934500612609,0.2944623009032961,0.37584424903544306
4440,0.24518572570201017,0.2963977699185219,0.4584165043794679
4441,0.3074071856176813,0.29207567754451047,0.4005171368378082
4442,0.3582667198291834,0.2969139333914664,0.3448193467793503
4443,0.13885014220784678,0.23766912775103233,0.6234807300411209
4444,0.18217890762549005,0.24711740378869815,0.5707036885858119
4445,0.24435371510152146,0.2804232476613029,0.4752230372371756
4446,0.4107762236802003,0.31702832658514685,0.27219544973465293
4447,0.4114183506206739,0.29988576813191836,0.28869588124740775
4448,0.12269351046721995,0.2383598883918792,0.638946601140901
4449,0.21288115536792926,0.285362099587817,0.5017567450442538
4450,0.17699939715482157,0.25710821782068105,0.5658923850244975
4451,0.1687520397297889,0.2581608445338064,0.5730871157364047
4452,0.1212722374163754,0.2127019770955705,0.666025785488054
4453,0.16200273533014933,0.24253111936082222,0.5954661453090284
4454,0.2144382968748905,0.26620116291101026,0.5193605402140993
4455,0.3230961452104764,0.3019071045880406,0.374996750201483
4456,0.2572731888784248,0.29626425170600457,0.44646255941557067
4457,0.3345408250652786,0.2899988255281468,0.3754603494065746
4458,0.1332193877264215,0.21051969422014483,0.6562609180534337
4459,0.4526024123469185,0.2829188282190832,0.2644787594339983
4460,0.3585926230378197,0.29529512022160864,0.3461122567405717
4461,0.33416888363043346,0.3107646013471559,0.3550665150224106
4462,0.4362223611141913,0.3090477883720082,0.2547298505138004
4463,0.191146651317688,0.27889389574203804,0.529959452940274
4464,0.23648976209964928,0.27843167118075046,0.48507856671960026
4465,0.27752020771271474,0.2911562535047609,0.43132353878252433
4466,0.17998928705321202,0.26366325040596406,0.5563474625408239
4467,0.21467602176910303,0.29189947674206096,0.49342450148883604
4468,0.17043310921856344,0.24322880890886261,0.586338081872574
4469,0.27464737901077035,0.31329915364813066,0.4120534673410991
4470,0.1524170413586247,0.22877976036876374,0.6188031982726117
4471,0.1818162837293832,0.2691152160284061,0.5490685002422107
4472,0.1953240478211271,0.2750753045439169,0.529600647634956
4473,0.35597098644491443,0.29098317700752246,0.35304583654756316
4474,0.5376903958118227,0.28527408399618487,0.1770355201919926
4475,0.21472187121945296,0.2795562607063665,0.5057218680741806
4476,0.18807464673762278,0.28215282551544296,0.5297725277469343
4477,0.11922896667128383,0.22215577276896326,0.658615260559753
4478,0.12563730372117157,0.2292819809516882,0.6450807153271403
4479,0.1594681719156923,0.2530961539241556,0.5874356741601522
4480,0.3163836573226836,0.2917497204359866,0.3918666222413298
4481,0.3425836208962242,0.3006399113053375,0.3567764677984383
4482,0.2585523289272249,0.28282989759215077,0.4586177734806242
4483,0.33470535518989547,0.28485346425430813,0.3804411805557965
4484,0.384232209735544,0.2939213570969147,0.32184643316754125
4485,0.35406438846748023,0.3288978593269334,0.3170377522055864
4486,0.26198130480846266,0.2975417775188707,0.4404769176726668
4487,0.2547349829028806,0.2859572922345872,0.45930772486253213
4488,0.2985457126200438,0.3070832349842099,0.39437105239574616
4489,0.17457476005093814,0.2702086020489679,0.555216637900094
4490,0.20805454570966278,0.26877749299322734,0.5231679612971099
4491,0.4221768457089867,0.31571639161317133,0.262106762677842
4492,0.3815654320458356,0.3038742144165654,0.3145603535375989
4493,0.33732830539478936,0.30391918241497934,0.3587525121902313
4494,0.18998173218762715,0.2568467825174906,0.5531714852948824
4495,0.12137305069549366,0.21708981508391062,0.6615371342205958
4496,0.47305391455580786,0.2811548196738704,0.24579126577032173
4497,0.32238559691182533,0.28631896103464355,0.39129544205353123
4498,0.16777785622626581,0.2515165144696089,0.5807056293041253
4499,0.17510382649471692,0.2543948234609811,0.570501350044302
4500,0.12904502745477137,0.22886282037738714,0.6420921521678414
4501,0.3173300977463355,0.30350634853018077,0.3791635537234838
4502,0.41555663292530376,0.2986957691048247,0.28574759796987154
4503,0.15963503322280534,0.24742065635758909,0.5929443104196056
4504,0.1780026510154681,0.2632258607598272,0.5587714882247047
4505,0.36151465989600073,0.3237723208764007,0.3147130192275986
4506,0.14229024389137082,0.23666605048794098,0.6210437056206882
4507,0.21670986986187535,0.2568928868625079,0.5263972432756169
4508,0.3534177949676715,0.28958738938291795,0.35699481564941066
4509,0.2374967466032431,0.2959520506309013,0.46655120276585565
4510,0.18103544386550527,0.2605456984392204,0.5584188576952743
4511,0.37919726094612133,0.29332463605773224,0.32747810299614644
4512,0.24713105506323624,0.27339126797289154,0.4794776769638723
4513,0.4324044859404485,0.29169154822109655,0.27590396583845495
4514,0.4861628564332168,0.2913908433392562,0.22244630022752698
4515,0.12876389929526386,0.24925852434743978,0.6219775763572963
4516,0.26699735901446425,0.27104528734299965,0.4619573536425361
4517,0.40956522688896,0.298976397326664,0.2914583757843761
4518,0.3250187075978547,0.3008911121004461,0.3740901803016993
4519,0.5501190231649262,0.26665116275785794,0.1832298140772158
4520,0.16398847647093123,0.2317617266111367,0.604249796917932
4521,0.26820444300949964,0.3338059154096706,0.39798964158082967
4522,0.2197737841250734,0.2693365574111778,0.5108896584637488
4523,0.2370493478406649,0.29087467184128407,0.472075980318051
4524,0.1708431224305435,0.26867027547109557,0.560486602098361
4525,0.18153140247777455,0.24983841978682647,0.568630177735399
4526,0.19730759806534642,0.26418311674354816,0.5385092851911054
4527,0.3270249767950213,0.3016979477739701,0.3712770754310087
4528,0.12630741553199057,0.22923881351460812,0.6444537709534013
4529,0.19053072369975357,0.2615310436505767,0.5479382326496698
4530,0.24272467311371365,0.29229682288631237,0.464978503999974
4531,0.3663365658777521,0.3015980910453169,0.332065343076931
4532,0.306076083546488,0.3200194827050799,0.3739044337484322
4533,0.19953981783091024,0.2647622111392256,0.5356979710298643
4534,0.2666016550120244,0.2884492882484961,0.4449490567394796
4535,0.29150357465904353,0.30074574788065456,0.40775067746030186
4536,0.26931005387537194,0.29545089740045494,0.435239048724173
4537,0.30199878405145014,0.29600572288647303,0.4019954930620769
4538,0.34907708798712306,0.29371807951442824,0.3572048324984488
4539,0.17958004755324355,0.27182681569109207,0.5485931367556645
4540,0.36321852593279996,0.29388781414159176,0.3428936599256083
4541,0.5029786024642084,0.26680228248840976,0.23021911504738174
4542,0.12589886534364436,0.23852675050893773,0.6355743841474178
4543,0.30434820655485484,0.29963781834066155,0.39601397510448366
4544,0.4361371458682615,0.2957386939400533,0.2681241601916852
4545,0.344356523736808,0.2896222345281669,0.36602124173502515
4546,0.21596963535236488,0.2789960238924996,0.5050343407551355
4547,0.29133492946256895,0.29625394502688546,0.41241112551054554
4548,0.17056744559048775,0.2712131449454452,0.5582194094640671
4549,0.17327874095924292,0.2484762334962702,0.5782450255444869
4550,0.19389137338327206,0.2670487984294346,0.5390598281872934
4551,0.2707825074151544,0.28261614577783345,0.4466013468070121
4552,0.19197326193724773,0.2554039442050826,0.5526227938576698
4553,0.3151412106808549,0.3142109894122515,0.37064779990689356
4554,0.12808637074125045,0.2087031752443,0.6632104540144496
4555,0.31846550866892726,0.31237932791899325,0.3691551634120795
4556,0.2540096926930113,0.304904534701675,0.4410857726053137
4557,0.3807043791980876,0.3251395662415232,0.2941560545603893
4558,0.15419455312535923,0.23433731242956668,0.6114681344450741
4559,0.19646028481321298,0.27234901209143053,0.5311907030953564
4560,0.2510174843611988,0.2927593363576909,0.4562231792811104
4561,0.2499478331664651,0.28752767373264165,0.4625244931008933
4562,0.3199769942769008,0.31020440195127785,0.36981860377182146
4563,0.1491568303866594,0.24541710812807202,0.6054260614852686
4564,0.23097184794983822,0.2804110574502786,0.4886170945998833
4565,0.21695390672822001,0.27378475119707885,0.5092613420747012
4566,0.25894559361141,0.2897553947970235,0.45129901159156655
4567,0.3434942910614978,0.3099024782263695,0.3466032307121327
4568,0.23450481376282925,0.28752687212556866,0.4779683141116021
4569,0.3276219231643711,0.3144640520354928,0.3579140248001362
4570,0.18242623139425923,0.273673242291595,0.5439005263141458
4571,0.18730225199222775,0.2647769323309732,0.5479208156767991
4572,0.28273247482996616,0.2856022123629279,0.431665312807106
4573,0.3171235958700052,0.2985073619337945,0.3843690421962003
4574,0.2261748569351946,0.2796202458172227,0.49420489724758265
4575,0.3128054575137131,0.30147690993379717,0.3857176325524898
4576,0.41274485272359446,0.29484298364466555,0.29241216363174
4577,0.4307103424438445,0.281083811584008,0.2882058459721476
4578,0.2569607520310733,0.2906387334562451,0.45240051451268165
4579,0.33818817249939753,0.2839227506632845,0.3778890768373179
4580,0.3316923839046939,0.3320423717335523,0.3362652443617539
4581,0.2364229199149524,0.28897209647627314,0.47460498360877446
4582,0.21001327549154447,0.2741458489979398,0.5158408755105157
4583,0.25231083200097926,0.2935053489195058,0.454183819079515
4584,0.35875627814130984,0.2940860854052654,0.3471576364534248
4585,0.23177455598069124,0.2853488607802611,0.48287658323904775
4586,0.22858170142355597,0.2794770515976048,0.49194124697883923
4587,0.30260437641017696,0.31240779902237154,0.38498782456745145
4588,0.17281814667993695,0.2409640786381339,0.5862177746819291
4589,0.24562961185922066,0.29630816735912036,0.45806222078165904
4590,0.2800257545497778,0.2871144452985806,0.43285980015164166
4591,0.2736303017362711,0.3034393816372089,0.4229303166265201
4592,0.36618227632471545,0.299150531921892,0.3346671917533925
4593,0.20575999357473437,0.2861224934995147,0.5081175129257509
4594,0.29231091292843464,0.2999661391764912,0.4077229478950743
4595,0.11973911039843259,0.2235128648752867,0.6567480247262807
4596,0.3235032537823637,0.28736998089090615,0.3891267653267301
4597,0.329288276272838,0.29541244003192024,0.37529928369524174
4598,0.1837405448264597,0.2684935791473616,0.5477658760261787
4599,0.14713403037910378,0.24796291110002142,0.6049030585208749
4600,0.4689437911983723,0.28149389205325,0.24956231674837764
4601,0.3098826728207766,0.30417306814506107,0.38594425903416235
4602,0.35779227713351913,0.3240478420479151,0.3181598808185657
4603,0.27595011767302424,0.2715842653803976,0.4524656169465781
4604,0.19559558089408202,0.26671584214658317,0.5376885769593348
4605,0.19149332094133126,0.25916642739585877,0.5493402516628101
4606,0.38272063955314406,0.30576610091214723,0.3115132595347087
4607,0.27981582954497825,0.29350373874834296,0.42668043170667874
4608,0.2584153503623592,0.3025746773989114,0.43900997223872945
4609,0.12407311281174184,0.2404136038495479,0.6355132833387103
4610,0.3375886765277044,0.30947673627444683,0.35293458719784876
4611,0.2770297020710986,0.2888491201190278,0.4341211778098735
4612,0.33251073499657274,0.3020617926018845,0.3654274724015428
4613,0.26376667330975717,0.28608698689201895,0.45014633979822377
4614,0.18810290442927008,0.2662125977217116,0.5456844978490183
4615,0.17087840019113554,0.2610104271046882,0.5681111727041763
4616,0.12759780997533235,0.22099988786885352,0.6514023021558141
4617,0.2831111607168102,0.29616034135799485,0.42072849792519496
4618,0.34008030181275695,0.2924922972370677,0.3674274009501754
4619,0.21133015479769843,0.2863314528405204,0.5023383923617811
4620,0.22643207390728723,0.2818023156205757,0.4917656104721371
4621,0.2975025859649684,0.3134412027034306,0.38905621133160107
4622,0.17048468966289484,0.2524354392679323,0.5770798710691728
4623,0.30646722978379076,0.2922433594853019,0.4012894107309073
4624,0.1999053649441598,0.27540893322883603,0.5246857018270042
4625,0.43616518982352237,0.2920501473172094,0.2717846628592683
4626,0.36777822954109507,0.2854888491637343,0.34673292129517075
4627,0.2370240378713117,0.27881611340410234,0.484159848724586
4628,0.41700400079805955,0.31155733188369966,0.2714386673182409
4629,0.16630131331285467,0.27107439179523274,0.5626242948919126
4630,0.2928016849830325,0.29776856862578216,0.40942974639118535
4631,0.2898950379902717,0.3055989865011682,0.4045059755085601
4632,0.24486228865376958,0.28256873300013585,0.4725689783460946
4633,0.13563808398621077,0.22918583380598775,0.6351760822078014
4634,0.3862407529390603,0.2991452392376335,0.31461400782330623
4635,0.23703882811139657,0.2742142508974203,0.4887469209911831
4636,0.2017831647726439,0.262380772165649,0.5358360630617072
4637,0.2912502692466907,0.3009418841885636,0.4078078465647457
4638,0.26117322435255813,0.29443915411106153,0.4443876215363804
4639,0.17549943526125253,0.26439741856247917,0.5601031461762683
4640,0.3186932223578384,0.3034633317639307,0.37784344587823093
4641,0.22666541272832627,0.2885867434381218,0.484747843833552
4642,0.2063597039117675,0.2687509102775832,0.5248893858106494
4643,0.19045662637136365,0.2696903972423831,0.5398529763862533
4644,0.4279311125302905,0.3158344764649575,0.2562344110047521
4645,0.3846818508897138,0.29147356920788137,0.3238445799024048
4646,0.17363823970600742,0.25278601066438866,0.5735757496296039
4647,0.2100323519215163,0.2674569256142859,0.5225107224641977
4648,0.19413345783880037,0.26908304919045456,0.5367834929707451
4649,0.21197425638364126,0.2775832048880796,0.5104425387282792
4650,0.19963266110894531,0.2730276071602475,0.5273397317308072
4651,0.22629059778882035,0.28212547811506056,0.491583924096119
4652,0.20567788614119376,0.2840231458477609,0.5102989680110454
4653,0.2738509554105739,0.279748003595562,0.4464010409938641
4654,0.40447588345248187,0.29805819707172876,0.2974659194757893
4655,0.2399509897956621,0.27420790118170996,0.48584110902262806
4656,0.30194557131860733,0.30695783429468,0.3910965943867126
4657,0.15981228047246918,0.2573399583108369,0.5828477612166939
4658,0.29862734688055415,0.3036376988831572,0.39773495423628874
4659,0.3657379331553279,0.2983174289273972,0.33594463791727486
4660,0.1473148958230071,0.23827460120733157,0.6144105029696613
4661,0.4066779643964541,0.3256950703711722,0.26762696523237367
4662,0.3344394490887983,0.2846851127607714,0.3808754381504303
4663,0.3141766164706498,0.29974897005115925,0.38607441347819094
4664,0.16398240038835493,0.2518035371874169,0.5842140624242282
4665,0.14880049463561937,0.23926061546907051,0.6119388898953102
4666,0.29640671322925477,0.29002178369094445,0.41357150307980084
4667,0.22167864285513098,0.28387920667121486,0.49444215047365414
4668,0.1927882311345264,0.26423666750379715,0.5429751013616765
4669,0.21378642819584687,0.27588187017501586,0.5103317016291373
4670,0.37875025567634346,0.2924965862134672,0.3287531581101894
4671,0.23657313936950436,0.2828786255693738,0.48054823506112176
4672,0.24222176324773267,0.30310901554316066,0.45466922120910674
4673,0.2235717840728629,0.2766242030414847,0.49980401288565235
4674,0.1749448147441988,0.26115492444458865,0.5639002608112126
4675,0.16449390923946097,0.23908895343706532,0.5964171373234738
4676,0.16588177948262806,0.24764176295410376,0.5864764575632682
4677,0.3455165192550487,0.2916055975681278,0.3628778831768235
4678,0.30199886679333476,0.2925964146208964,0.4054047185857688
4679,0.2825497081434205,0.30331998522066034,0.41413030663591915
4680,0.18717305087635022,0.2695032324816251,0.5433237166420246
4681,0.256582737955476,0.3037055776639193,0.4397116843806047
4682,0.2703051359450063,0.3146910356048604,0.4150038284501332
4683,0.1679175083431025,0.24653596838230352,0.585546523274594
4684,0.2975293496118969,0.31686971339988873,0.3856009369882143
4685,0.47474298177967106,0.2727972176315119,0.25245980058881706
4686,0.1548846466284056,0.22700215290555079,0.6181132004660437
4687,0.25923898838834875,0.28375642822985286,0.45700458338179833
4688,0.30643467339604713,0.303335633896236,0.39022969270771685
4689,0.31496331416513834,0.3079127390920199,0.3771239467428417
4690,0.3237089536432313,0.30794835066666704,0.36834269569010175
4691,0.21256605170881324,0.2720608605166441,0.5153730877745427
4692,0.27573185496271346,0.3049541965107305,0.419313948526556
4693,0.18555860993279993,0.27325417623631626,0.5411872138308838
4694,0.09348771041662254,0.20736234629531178,0.6991499432880658
4695,0.3800035284488756,0.28933573317395894,0.33066073837716553
4696,0.21992650402028766,0.2595410335012724,0.52053246247844
4697,0.426175336207969,0.28356517164580475,0.29025949214622637
4698,0.1644360631551995,0.24235932509098665,0.5932046117538139
4699,0.30880265526099854,0.3042550255778828,0.3869423191611187
4700,0.38743740852628195,0.2980851872085317,0.31447740426518644
4701,0.32396925567755674,0.31047052170254164,0.36556022261990156
4702,0.42068812914619674,0.2827065892678532,0.29660528158595006
4703,0.32529533674474065,0.29717120337889574,0.37753345987636366
4704,0.17531619446162797,0.2462864007291822,0.5783974048091898
4705,0.4321874114215643,0.3169869685593314,0.2508256200191044
4706,0.24608415183802543,0.2888905756474359,0.4650252725145387
4707,0.36846270595283903,0.30625285707390204,0.325284436973259
4708,0.16433306869620257,0.2436482159702569,0.5920187153335406
4709,0.308579566616381,0.2959401172141671,0.39548031616945195
4710,0.17328684274954895,0.25089105333255274,0.5758221039178983
4711,0.12332586828123361,0.226912590608005,0.6497615411107613
4712,0.23282626125511532,0.28793748807708297,0.4792362506678017
4713,0.13486089063554957,0.24568073555438796,0.6194583738100625
4714,0.15740260376203344,0.2480299356116865,0.5945674606262801
4715,0.18906121983548854,0.24099797253502606,0.5699408076294854
4716,0.19184255251936658,0.28405040703979684,0.5241070404408367
4717,0.37222213901009726,0.2960614700047061,0.33171639098519656
4718,0.1789495638031546,0.2590818343908321,0.5619686018060133
4719,0.2843777288817999,0.3068419901940911,0.408780280924109
4720,0.31037120476191415,0.29317807073423496,0.3964507245038509
4721,0.20547947574289746,0.29050753317824746,0.5040129910788551
4722,0.24987104426602322,0.27454732601168225,0.4755816297222945
4723,0.46475687457469833,0.2849882956931364,0.25025482973216523
4724,0.4475622096170947,0.2822132483119594,0.27022454207094593
4725,0.2444978845462585,0.2910494493395535,0.46445266611418795
4726,0.17697029811108814,0.27164363152752036,0.5513860703613915
4727,0.30469518904946896,0.29803411078519526,0.3972707001653359
4728,0.17299017994849716,0.24503249475490602,0.5819773252965968
4729,0.1564917053106915,0.24094521826336937,0.6025630764259391
4730,0.3314805145632653,0.2982267588990272,0.37029272653770734
4731,0.22481539662045705,0.284041969661069,0.491142633718474
4732,0.13418202872271237,0.22810231946931994,0.6377156518079676
4733,0.376255125703051,0.29139010895451156,0.33235476534243735
4734,0.1359876484121995,0.2268900685253836,0.6371222830624169
4735,0.13144825531827184,0.23355975084030675,0.6349919938414214
4736,0.45586636178149814,0.31677142990868723,0.22736220830981463
4737,0.3378315253086649,0.3071234234340381,0.3550450512572971
4738,0.21808643762577845,0.2871782585784033,0.4947353037958183
4739,0.4154471165930898,0.2944523980802477,0.29010048532666255
4740,0.18032393872914007,0.2682004108792294,0.5514756503916305
4741,0.24398815360135756,0.30223886986725407,0.4537729765313884
4742,0.2053441965634108,0.26689170917281824,0.527764094263771
4743,0.21982551146904405,0.2770295382280611,0.503144950302895
4744,0.3457018435372034,0.29110589944044357,0.363192257022353
4745,0.349424074250788,0.30148271502752355,0.3490932107216884
4746,0.30693693075122114,0.30063496187159944,0.3924281073771795
4747,0.36726692509812536,0.32071954684349635,0.31201352805837834
4748,0.30014001273883256,0.2923393515015077,0.40752063575965974
4749,0.2074534666155332,0.27799418203259796,0.5145523513518689
4750,0.19123453471275978,0.2840365803330816,0.5247288849541586
4751,0.1908950373591329,0.2614442154203609,0.5476607472205062
4752,0.31549536762068375,0.31068628423831574,0.37381834814100046
4753,0.33022244007567114,0.3047783238884226,0.3649992360359063
4754,0.455583970503572,0.3011284156073854,0.24328761388904252
4755,0.24250488418347818,0.27714410130612716,0.48035101451039475
4756,0.08916319357776772,0.17938138354428187,0.7314554228779504
4757,0.10197692145615352,0.1855568142716607,0.7124662642721857
4758,0.18578000491101274,0.2853221668705696,0.5288978282184177
4759,0.2594878733595842,0.2735829396752033,0.4669291869652124
4760,0.22910534678912722,0.2828250644572007,0.48806958875367207
4761,0.1401518235437117,0.22544726629915637,0.6344009101571321
4762,0.30535602829794345,0.2925117210588042,0.40213225064325236
4763,0.39825508147142424,0.30320432513116163,0.29854059339741423
4764,0.24566017097286016,0.2928472233313689,0.461492605695771
4765,0.36333796354978076,0.28641509475530585,0.3502469416949134
4766,0.16468032059933654,0.2620720274445736,0.5732476519560898
4767,0.298913767060224,0.2964291643998764,0.4046570685398997
4768,0.22911941423070026,0.2816783196513015,0.4892022661179982
4769,0.2508145912144754,0.29085860951896303,0.4583267992665616
4770,0.17049900294829046,0.2504634315419502,0.5790375655097593
4771,0.2868278050301326,0.3104825809408749,0.40268961402899256
4772,0.177279523585443,0.2495530447913711,0.5731674316231858
4773,0.1805755198210212,0.250068697844357,0.5693557823346218
4774,0.5909050123461116,0.26183901875375304,0.14725596890013531
4775,0.2638334081045206,0.2852219660499616,0.4509446258455177
4776,0.2674965341646665,0.30314191116732714,0.42936155466800635
4777,0.31406595789544767,0.3026149743131476,0.38331906779140473
4778,0.2606278062973431,0.2874033572691778,0.4519688364334791
4779,0.3273039211319655,0.2946416606290897,0.37805441823894487
4780,0.2607031243219972,0.26949858855511183,0.469798287122891
4781,0.29098144946751103,0.3046646649650118,0.4043538855674772
4782,0.10253082564391536,0.2022744699659651,0.6951947043901195
4783,0.1336502836362934,0.23882899335061,0.6275207230130966
4784,0.10403855393310137,0.19305440983434344,0.7029070362325551
4785,0.23258513902660372,0.2899107383998235,0.4775041225735729
4786,0.39091038351384116,0.30454941933010593,0.304540197156053
4787,0.18323328861983137,0.2498645632739214,0.5669021481062472
4788,0.3819696321321237,0.29419574840103274,0.3238346194668436
4789,0.27285695228133555,0.28804823156232395,0.4390948161563405
4790,0.30605939931162973,0.29903561478550533,0.394904985902865
4791,0.2028455919782151,0.27635084697382906,0.5208035610479559
4792,0.4249473341484066,0.31880729759858495,0.2562453682530084
4793,0.3966788470500366,0.2956119566381923,0.30770919631177107
4794,0.2757348183582126,0.2767640377905968,0.4475011438511907
4795,0.13946826690018957,0.2367857085331205,0.6237460245666899
4796,0.4287781140574887,0.2931666021877889,0.2780552837547224
4797,0.3190311749702655,0.2927938350020784,0.38817499002765615
4798,0.24228363059393285,0.28268948877714806,0.47502688062891907
4799,0.4477383943928726,0.2906827015583725,0.26157890404875495
4800,0.16880053255634267,0.262444212494309,0.5687552549493484
4801,0.13422498531511845,0.23676698982941435,0.6290080248554673
4802,0.22897860283990665,0.2710141332667423,0.5000072638933512
4803,0.1105214674666069,0.20640362854216573,0.6830749039912275
4804,0.3673164819093322,0.2968712417883117,0.33581227630235605
4805,0.23941459615268776,0.30254405598671885,0.4580413478605934
4806,0.23097361780518233,0.28140336140153144,0.4876230207932863
4807,0.3068945171022306,0.3004011743002186,0.39270430859755084
4808,0.32129441520245283,0.3000399608803718,0.3786656239171753
4809,0.360069709201567,0.3091958283156989,0.330734462482734
4810,0.1806340428032073,0.25107343654681874,0.5682925206499739
4811,0.3201531233067964,0.30083820936739,0.3790086673258136
4812,0.2817544848456583,0.28659212568059406,0.43165338947374765
4813,0.2575835466396822,0.28533249658224774,0.4570839567780702
4814,0.27571791490524294,0.3029457710918172,0.42133631400293986
4815,0.36033882141460216,0.2965677816967804,0.34309339688861734
4816,0.20664794497514744,0.26617901276705686,0.5271730422577957
4817,0.4318495189167051,0.28634560411235727,0.28180487697093776
4818,0.3230110371610713,0.3295610119217073,0.34742795091722145
4819,0.26592963543368314,0.30086006419116107,0.43321030037515573
4820,0.10347812331335775,0.1969177677621345,0.6996041089245079
4821,0.14632815147535808,0.22937562673762146,0.6242962217870205
4822,0.25408125917909774,0.2905715305127959,0.45534721030810626
4823,0.07488400309583063,0.1776605771570547,0.7474554197471148
4824,0.1478434618512557,0.22408507797619912,0.6280714601725452
4825,0.4142504495685025,0.2898711679757267,0.2958783824557709
4826,0.26117949277563146,0.29402906076058705,0.44479144646378155
4827,0.316755759708697,0.30437059274563233,0.37887364754567066
4828,0.30392210877873715,0.28209243882691226,0.41398545239435064
4829,0.2684451150574487,0.29968562808894766,0.43186925685360367
4830,0.3156013670118287,0.3037007935554303,0.380697839432741
4831,0.2746856889428835,0.3006489018065218,0.42466540925059465
4832,0.15167938785773363,0.2554895849312071,0.5928310272110593
4833,0.31613207507561664,0.2910944958912759,0.39277342903310747
4834,0.26310090138279085,0.2937327499758909,0.4431663486413183
4835,0.12785486518920228,0.22844534039657602,0.6436997944142216
4836,0.2859182571113303,0.2895162990468501,0.4245654438418197
4837,0.288534095914002,0.29669499250381937,0.41477091158217866
4838,0.13157400296636879,0.22946427383915813,0.6389617231944731
4839,0.26445509590447713,0.2908451269343428,0.4446997771611801
4840,0.2817249536600539,0.30279512985436646,0.4154799164855796
4841,0.42981793846164446,0.3129133285353954,0.25726873300296027
4842,0.30486345804641546,0.30071820397657106,0.3944183379770135
4843,0.1947123348873439,0.25934922714498526,0.5459384379676708
4844,0.2616045989790644,0.2987793023076641,0.4396160987132716
4845,0.19717136017920175,0.2692007096890907,0.5336279301317076
4846,0.3303267971642023,0.3031168468140971,0.3665563560217006
4847,0.271283363430238,0.30282340612622033,0.42589323044354166
4848,0.3923750977399317,0.2911215906107489,0.31650331164931955
4849,0.5229148259948377,0.2700806599858453,0.20700451401931702
4850,0.22725866099341913,0.2869695854653503,0.48577175354123064
4851,0.21900881301133196,0.26354440256169936,0.5174467844269687
4852,0.13677530500667184,0.252998371889372,0.6102263231039562
4853,0.26325776098875214,0.28464554925578833,0.45209668975545964
4854,0.1815452759305873,0.2572566809374497,0.561198043131963
4855,0.21499671262588183,0.28242051201401996,0.5025827753600982
4856,0.1078195512582168,0.20023199353321852,0.6919484552085647
4857,0.22782838357320342,0.287617335495629,0.48455428093116765
4858,0.2212825095676494,0.2811688594588799,0.4975486309734707
4859,0.08064450654230414,0.16696904187989964,0.7523864515777963
4860,0.2356613281197746,0.27674314152801466,0.48759553035221065
4861,0.3141202363740859,0.3048441783241948,0.38103558530171927
4862,0.24999120483348158,0.305399397309396,0.44460939785712245
4863,0.23544482311570153,0.2804997480620557,0.48405542882224284
4864,0.589270869189133,0.2664391881624086,0.14428994264845854
4865,0.3008255772633314,0.3025485087055977,0.3966259140310709
4866,0.3480033935035586,0.30248681131617355,0.3495097951802679
4867,0.22822770569892536,0.30051513977230404,0.4712571545287706
4868,0.33139195949215317,0.29830662989481965,0.3703014106130272
4869,0.23127222426365585,0.27590286298847166,0.4928249127478726
4870,0.21265230407344174,0.268002427396408,0.5193452685301503
4871,0.31143060697906544,0.29950782856339075,0.38906156445754386
4872,0.38900349680087487,0.28794212029242994,0.3230543829066952
4873,0.2948409872243476,0.29625203718308923,0.4089069755925633
4874,0.2457263915098678,0.3053547620201417,0.44891884646999053
4875,0.10822970533826193,0.19876617696987636,0.6930041176918618
4876,0.4232826324753572,0.28502438104125466,0.2916929864833882
4877,0.17534759659879182,0.26921384858107666,0.5554385548201316
4878,0.20897194002881203,0.28255327432673477,0.5084747856444531
4879,0.21827790241794096,0.27092878097016837,0.5107933166118906
4880,0.19850465790163432,0.2860288312310863,0.5154665108672795
4881,0.16192095692865513,0.24887822784680805,0.5892008152245369
4882,0.3440473818370444,0.284474079626817,0.3714785385361386
4883,0.12231537642530724,0.2047092268460744,0.6729753967286184
4884,0.30206969268057776,0.313713739244359,0.38421656807506327
4885,0.37572312744704656,0.29783464682086136,0.3264422257320921
4886,0.17063190074745482,0.2523055982915295,0.5770625009610157
4887,0.5820343319778861,0.24707314597917118,0.17089252204294264
4888,0.4521348833951208,0.2812128947845477,0.26665222182033155
4889,0.33748376304992145,0.28705569027649813,0.3754605466735805
4890,0.11475242607792026,0.20270015147664208,0.6825474224454376
4891,0.09778577725887694,0.1870355121679274,0.7151787105731957
4892,0.43040587004160225,0.2866247434619137,0.28296938649648407
4893,0.19210200659273458,0.2776007836535942,0.5302972097536712
4894,0.31955555015611237,0.2886892342383187,0.39175521560556886
4895,0.4948772303588199,0.29751619137911295,0.20760657826206708
4896,0.21272796530817756,0.2813944967760694,0.505877537915753
4897,0.282392431727543,0.3104338597971773,0.4071737084752796
4898,0.29684268390178936,0.3128238017490944,0.3903335143491162
4899,0.2479673432293813,0.28448356138868564,0.467549095381933
4900,0.16124897407613506,0.22832350549477254,0.6104275204290924
4901,0.16066307103433855,0.2464110138479561,0.5929259151177054
4902,0.20768427995238936,0.27663421718291314,0.5156815028646975
4903,0.14872395423728957,0.25648166343325013,0.5947943823294604
4904,0.32649887459081317,0.2841497103541966,0.38935141505499027
4905,0.1757412187068364,0.26502034959714244,0.5592384316960212
4906,0.18070597831748664,0.26205395646153307,0.5572400652209804
4907,0.18939290261924932,0.268954993269395,0.5416521041113558
4908,0.3845977508098602,0.2746456175006106,0.34075663168952913
4909,0.35050367138059213,0.2994457451162858,0.3500505835031221
4910,0.25237094489376416,0.2917102190010275,0.4559188361052084
4911,0.27739574474158685,0.2961013865481235,0.42650286871028975
4912,0.36565839213828893,0.3210083353299219,0.31333327253178916
4913,0.33098536901535436,0.3079824381549964,0.3610321928296493
4914,0.14095202001574958,0.22739444807959253,0.6316535319046579
4915,0.3379478712478459,0.2889308508293129,0.3731212779228412
4916,0.41295499252081536,0.2994929104356506,0.28755209704353396
4917,0.26854060572375377,0.296915552313961,0.4345438419622852
4918,0.32739767599146335,0.3005211390561458,0.37208118495239084
4919,0.33085107809050346,0.2975644477938043,0.37158447411569223
4920,0.2502498845366719,0.2930708081821565,0.4566793072811716
4921,0.23731075187723602,0.27020595696840727,0.4924832911543568
4922,0.29478825753178967,0.3175955069938705,0.3876162354743397
4923,0.35694912820337477,0.3203307409687603,0.32272013082786494
4924,0.11905645734925178,0.21275553311046672,0.6681880095402815
4925,0.24407682732532363,0.2935705656401524,0.4623526070345239
4926,0.34295252665121995,0.2832732364203067,0.3737742369284734
4927,0.11091382483685631,0.20584373878266604,0.6832424363804777
4928,0.17829266956117668,0.2613851523478633,0.56032217809096
4929,0.3728343362396659,0.2924894419693308,0.3346762217910034
4930,0.18990093766470945,0.25869693189849574,0.5514021304367949
4931,0.22029214996704233,0.27687781820692586,0.5028300318260318
4932,0.46004029977308764,0.29260855819754944,0.247351142029363
4933,0.15555317839874416,0.2690579012739358,0.57538892032732
4934,0.20162110497529695,0.2767430625585957,0.5216358324661073
4935,0.27067781380842837,0.29487323461562,0.43444895157595165
4936,0.35927458565993553,0.2920772219468266,0.3486481923932379
4937,0.436037299271438,0.29528681916235794,0.26867588156620414
4938,0.3231278614363242,0.29594278649329814,0.38092935207037765
4939,0.3300825769657043,0.28389871863527816,0.3860187043990176
4940,0.336422112928221,0.30025124754962385,0.3633266395221552
4941,0.1943391031382766,0.2740804647551551,0.5315804321065684
4942,0.27335319552751214,0.2882554647054792,0.43839133976700867
4943,0.24312947861903167,0.2902131076807833,0.46665741370018504
4944,0.35660028380100417,0.30389541490680927,0.3395043012921866
4945,0.22577864777515932,0.29828549086643563,0.47593586135840504
4946,0.3750730140389416,0.289277769732276,0.33564921622878235
4947,0.17167453031719837,0.25351375823868244,0.5748117114441192
4948,0.30451056032439205,0.29899366875780325,0.39649577091780475
4949,0.29566352083740305,0.2853302251151759,0.41900625404742103
4950,0.1632045774806799,0.24191179526624598,0.5948836272530742
4951,0.34008058417485293,0.29726810277857185,0.36265131304657516
4952,0.3022807885340233,0.2968031698137829,0.40091604165219386
4953,0.273564703600582,0.29031021645033533,0.4361250799490826
4954,0.1390857617023783,0.22277560658470447,0.6381386317129173
4955,0.29553954882616723,0.29930326330719564,0.4051571878666372
4956,0.23605010697931056,0.2901756630935498,0.47377422992713963
4957,0.1453819043931359,0.233045517785265,0.6215725778215991
4958,0.4165956402379192,0.2819304515398332,0.3014739082222477
4959,0.2744900392817735,0.30065947948004623,0.4248504812381803
4960,0.2405980142720914,0.28761254559254734,0.4717894401353612
4961,0.19353096311851553,0.2620231459581223,0.5444458909233622
4962,0.24812627138901341,0.2967768663845187,0.45509686222646795
4963,0.32000908944442485,0.30074839599013387,0.3792425145654413
4964,0.24117102113600627,0.2877410085553759,0.4710879703086179
4965,0.22889647938849042,0.28410125409029435,0.48700226652121525
4966,0.3308526026570301,0.31014253595001173,0.3590048613929582
4967,0.3877259387898679,0.2972355955621071,0.3150384656480249
4968,0.2620349464932322,0.30577256976200545,0.4321924837447624
4969,0.22321592050601285,0.27899884135177433,0.49778523814221276
4970,0.2720543292972632,0.30010023287930043,0.42784543782343637
4971,0.3720936409744838,0.3021285873044618,0.3257777717210545
4972,0.22907330467014222,0.2905406043051938,0.48038609102466395
4973,0.2415092251400553,0.28379569875502353,0.4746950761049211
4974,0.18213205591548706,0.26124977926932624,0.5566181648151868
4975,0.18496634967932893,0.26375678607549635,0.5512768642451747
4976,0.2015654366160202,0.2658528668479342,0.5325816965360456
4977,0.2299647219563576,0.27866388686346755,0.49137139118017475
4978,0.16853748614331235,0.248619569706234,0.5828429441504537
4979,0.1848238057991124,0.27154429817160497,0.5436318960292827
4980,0.19013593428319353,0.2577438759122397,0.5521201898045668
4981,0.32571787173203565,0.29670844322236123,0.3775736850456032
4982,0.5079088161204675,0.2771800811913956,0.21491110268813696
4983,0.12896410913669396,0.23331586527513612,0.63772002558817
4984,0.23281109479758058,0.2866421919284553,0.4805467132739642
4985,0.32309680931936247,0.28600123853111753,0.39090195214952
4986,0.37225273417954635,0.2946368404310722,0.3331104253893814
4987,0.186295832893231,0.25909396817785885,0.5546101989289102
4988,0.25004145859888705,0.29112914471416723,0.45882939668694583
4989,0.267618260610043,0.3026218614634604,0.42975987792649656
4990,0.25701285097067006,0.2937717189952386,0.4492154300340914
4991,0.17104817868772126,0.2548415476216958,0.5741102736905829
4992,0.3436586094704381,0.29620004790263044,0.36014134262693154
4993,0.15730829579930164,0.24534017027869823,0.5973515339220001
4994,0.3591571002521411,0.3127035819361779,0.32813931781168104
4995,0.26445812320245593,0.28385014424672245,0.45169173255082157
4996,0.15122393673748058,0.2404911308609131,0.6082849324016063
4997,0.31436958284690636,0.29889287257557434,0.3867375445775193
4998,0.31773670166493356,0.28568070538283935,0.39658259295222703
4999,0.19768798091867626,0.26431337909476577,0.537998639986558
5000,0.24737231614098307,0.28785323447760847,0.4647744493814085
5001,0.3796215116349098,0.29579127550449363,0.3245872128605966
5002,0.16798060678323784,0.2569174552571794,0.5751019379595828
5003,0.12568046414335832,0.21207808424969657,0.6622414516069451
5004,0.3393705761264972,0.3167728376774811,0.3438565861960217
5005,0.28305438415659445,0.28415040579344675,0.4327952100499589
5006,0.23660734321341753,0.2699089165682846,0.49348374021829794
5007,0.3082347481168213,0.29655800075532857,0.39520725112785016
5008,0.244733490775677,0.2894385584623689,0.46582795076195416
5009,0.18703662718035996,0.2612662265787915,0.5516971462408485
5010,0.3262896736148171,0.2973718613945297,0.37633846499065327
5011,0.33159841135067974,0.30781455730930857,0.36058703134001163
5012,0.16251987097780984,0.2621484563638484,0.5753316726583418
5013,0.30437745031566016,0.290471242449771,0.4051513072345689
5014,0.42140261461454037,0.2940764003792286,0.2845209850062311
5015,0.25653053195955783,0.2851924568977712,0.45827701114267105
5016,0.2772111798600606,0.29319535877629477,0.4295934613636446
5017,0.29625237141942523,0.2996094403528552,0.4041381882277197
5018,0.22294154160763935,0.2817032476291746,0.49535521076318606
5019,0.16726293046639368,0.24780665665750945,0.5849304128760968
5020,0.2361797161438609,0.28849841172593005,0.47532187213020904
5021,0.2285602757609667,0.28875755042012746,0.4826821738189058
5022,0.3556027511899714,0.2990722794874482,0.3453249693225804
5023,0.23160616679601592,0.28178525833134715,0.486608574872637
5024,0.4698392214842177,0.27291211161673623,0.2572486668990461
5025,0.1690966943055688,0.2493677854474452,0.5815355202469861
5026,0.22889934265339273,0.2876297665781501,0.4834708907684571
5027,0.3567833539717226,0.29662213486788924,0.3465945111603881
5028,0.2822506136578693,0.2904124788320111,0.42733690751011966
5029,0.2846262312271684,0.2895111595777953,0.42586260919503643
5030,0.18914836701740015,0.26007489985390764,0.5507767331286922
5031,0.1484913224561036,0.22717876215178434,0.624329915392112
5032,0.36545409480923846,0.3000247482976303,0.33452115689313133
5033,0.2654258081632748,0.3082783422858664,0.4262958495508588
5034,0.28592551739462896,0.2898181451770831,0.42425633742828794
5035,0.17487628343786488,0.26694874677220093,0.5581749697899342
5036,0.233937385982896,0.28662719277745413,0.47943542123964994
5037,0.3704613717006522,0.29548420267403314,0.3340544256253147
5038,0.2705896281697638,0.2960358804409161,0.4333744913893201
5039,0.3075672418892101,0.2868571028059403,0.4055756553048496
5040,0.24527628563402445,0.2993823662441886,0.4553413481217869
5041,0.15722193344485358,0.2526768761471636,0.5901011904079829
5042,0.22435984701253348,0.27060544026379457,0.505034712723672
5043,0.352945503443469,0.29566624179045853,0.35138825476607244
5044,0.4130643711691259,0.3000431604617787,0.28689246836909543
5045,0.24433737881253184,0.2801837663654673,0.47547885482200086
5046,0.37373430462218876,0.2963416694169294,0.3299240259608818
5047,0.3706649334735427,0.30251335114480293,0.3268217153816544
5048,0.28401539146535976,0.30012036961328387,0.4158642389213564
5049,0.21591292905224277,0.2821722923803843,0.501914778567373
5050,0.21428390880500478,0.2828818088099361,0.5028342823850592
5051,0.32313638193595273,0.2942943132149941,0.38256930484905316
5052,0.3117907596593691,0.2916202244895906,0.39658901585104034
5053,0.23558512077500246,0.28082562095273267,0.4835892582722649
5054,0.1263301858805419,0.21781555317133924,0.6558542609481188
5055,0.1667031469791571,0.2456915045170457,0.5876053485037972
5056,0.21686059295453128,0.2742407198409765,0.5088986872044923
5057,0.26653493211806106,0.2856636796893857,0.4478013881925532
5058,0.330955012623909,0.29874514450114514,0.37029984287494594
5059,0.1935372553428854,0.27352659874405205,0.5329361459130625
5060,0.21468614410587114,0.2923120518320273,0.4930018040621016
5061,0.1986712926200317,0.2811509650421813,0.5201777423377871
5062,0.20233196205231266,0.26694405914290137,0.5307239788047861
5063,0.42472561044028256,0.2848812010619989,0.2903931884977185
5064,0.3789575111687847,0.2737624805705043,0.34728000826071104
5065,0.11526381622722297,0.21435308860641578,0.6703830951663613
5066,0.20270357691375146,0.260122645217523,0.5371737778687256
5067,0.12389122536140719,0.21196469435356247,0.6641440802850304
5068,0.25916751265192145,0.2846343919576421,0.45619809539043654
5069,0.2630839018387173,0.30200362193073116,0.43491247623055157
5070,0.20088152436788273,0.2563049980259644,0.5428134776061528
5071,0.1149199390688547,0.20364700958650186,0.6814330513446435
5072,0.2084500102889779,0.28209339975147757,0.5094565899595446
5073,0.42343832046383,0.2987238543782366,0.27783782515793337
5074,0.2935797110958569,0.29363973637684937,0.41278055252729373
5075,0.2779219131551059,0.3085000693021627,0.41357801754273144
5076,0.3109931100637393,0.3063136780954583,0.38269321184080235
5077,0.18055815257187022,0.250382510144854,0.5690593372832757
5078,0.2684038826779196,0.2969424649309821,0.4346536523910983
5079,0.24661779324534927,0.269893817983725,0.48348838877092576
5080,0.45894373863427884,0.28387482874021586,0.2571814326255052
5081,0.3134596733328336,0.31119275152628567,0.37534757514088074
5082,0.15082411965286324,0.24209107515036454,0.6070848051967722
5083,0.3066737219186028,0.2936091301290247,0.3997171479523726
5084,0.3886124756550339,0.29010965088620627,0.3212778734587599
5085,0.2564511824366365,0.29433058362265274,0.44921823394071064
5086,0.21240129816474618,0.267836083004708,0.5197626188305458
5087,0.1834462775339093,0.2723397934272765,0.5442139290388142
5088,0.2696336490717711,0.2925226449483711,0.4378437059798577
5089,0.17331907730318263,0.2493667092320175,0.5773142134647998
5090,0.2115092462196252,0.2722451302791744,0.5162456235012004
5091,0.259299526089394,0.29715337116640794,0.44354710274419806
5092,0.2632732867792164,0.29754131057166694,0.4391854026491166
5093,0.23153882185353084,0.269232119907811,0.49922905823865815
5094,0.33613009032845687,0.3046919176655511,0.359177992005992
5095,0.44142324749737066,0.28124847445533807,0.2773282780472914
5096,0.23894424437755993,0.28247694570704923,0.47857880991539076
5097,0.3145862127167893,0.2993240147113705,0.3860897725718403
5098,0.20413724919950194,0.2804568401883838,0.5154059106121143
5099,0.3284504542690016,0.2962724738014196,0.37527707192957876
5100,0.25492204213641045,0.2848030047334787,0.46027495313011085
5101,0.09840722537176495,0.19941396297331604,0.702178811654919
5102,0.24975712034509676,0.2907657026181753,0.459477177036728
5103,0.28686654031778597,0.2994300667076051,0.413703392974609
5104,0.33514217524334383,0.3013142923352076,0.3635435324214485
5105,0.2702843108411423,0.29692496095138676,0.43279072820747105
5106,0.23355026503604903,0.28769340988860936,0.4787563250753416
5107,0.1334227720451158,0.21884039779408643,0.6477368301607979
5108,0.27587330875367394,0.29169650435302863,0.43243018689329743
5109,0.2124201556564743,0.29787224620190694,0.4897075981416188
5110,0.22058826687868496,0.26723380806048724,0.5121779250608278
5111,0.2849748074674718,0.2962143227846226,0.4188108697479056
5112,0.06953552190179585,0.16151947411965847,0.7689450039785457
5113,0.34381347002091645,0.29469092209072556,0.36149560788835805
5114,0.21655019471156123,0.27866111111225694,0.5047886941761819
5115,0.3320529512128154,0.3016487370348872,0.3662983117522975
5116,0.23733504056360355,0.2774792512252517,0.4851857082111448
5117,0.20815485127654854,0.26853993693223344,0.523305211791218
5118,0.14159593299607537,0.2344766186488482,0.6239274483550765
5119,0.2873223135416376,0.28899730184048783,0.4236803846178745
5120,0.2805198324483585,0.3035217567916029,0.41595841076003853
5121,0.20457203435235313,0.2673339761579232,0.5280939894897236
5122,0.4611640095092637,0.2862519771663607,0.25258401332437563
5123,0.5758386291775339,0.25283020872762463,0.17133116209484153
5124,0.2791806793311508,0.29569740436072406,0.4251219163081252
5125,0.20082197318143832,0.27746635880768983,0.5217116680108719
5126,0.20133405494654438,0.25879317620831843,0.5398727688451372
5127,0.21275966724265585,0.28610521616197127,0.5011351165953729
5128,0.2557952144322478,0.2911459899689642,0.4530587955987881
5129,0.13860566138178493,0.23259863733946554,0.6287957012787496
5130,0.30929917430224596,0.298488006930377,0.3922128187673771
5131,0.25997182214521275,0.30589251771643905,0.4341356601383483
5132,0.18939056980179533,0.26501784143360235,0.5455915887646023
5133,0.20297338277494087,0.26840834065411856,0.5286182765709406
5134,0.16930800483120167,0.23762320772046788,0.5930687874483305
5135,0.276592053223204,0.2953106133792235,0.42809733339757244
5136,0.16220673690310541,0.22704629022442804,0.6107469728724665
5137,0.2368711022951423,0.2745558262777101,0.4885730714271477
5138,0.42684680954283305,0.2835016631067231,0.28965152735044397
5139,0.23056568113208892,0.28259003165188706,0.486844287216024
5140,0.22598741363458144,0.28473307772170803,0.4892795086437105
5141,0.4557867249202229,0.2811053746770304,0.26310790040274673
5142,0.21364889741474727,0.29185427630133365,0.4944968262839191
5143,0.34814936151236564,0.30110054380043866,0.35075009468719576
